original_query_id,query_text,expected_answer,benchmark_type,source_file,temporal_strategy,pushdown_strategy,stitch_strategy,cache_mode,avg_time_ms,individual_run_times_ms,verification_status,stderr_output,stdout_output
q1,"SELECT p, COUNT(*) FROM articles WHERE CONTAINS('president') AND CONTAINS('United States') AND DATE(= 1988) AND NER(PERSON) BIND p GROUP BY p GRANULARITY SENTENCE ORDER BY COUNT(*) DESC",reagan,1HOP,1hop.txt,naive,none,none,cold,23.223666666666663,20.813;29.742;19.116,PASSED,,
q1,"SELECT p, COUNT(*) FROM articles WHERE CONTAINS('president') AND CONTAINS('United States') AND DATE(= 1988) AND NER(PERSON) BIND p GROUP BY p GRANULARITY SENTENCE ORDER BY COUNT(*) DESC",reagan,1HOP,1hop.txt,naive,none,optimized,cold,5.263333333333333,5.812;5.888;4.090,PASSED,,
q1,"SELECT p, COUNT(*) FROM articles WHERE CONTAINS('president') AND CONTAINS('United States') AND DATE(= 1988) AND NER(PERSON) BIND p GROUP BY p GRANULARITY SENTENCE ORDER BY COUNT(*) DESC",reagan,1HOP,1hop.txt,nash,none,none,cold,23.756666666666664,23.270;20.445;27.555,PASSED,,
q1,"SELECT p, COUNT(*) FROM articles WHERE CONTAINS('president') AND CONTAINS('United States') AND DATE(= 1988) AND NER(PERSON) BIND p GROUP BY p GRANULARITY SENTENCE ORDER BY COUNT(*) DESC",reagan,1HOP,1hop.txt,nash,none,optimized,cold,4.1626666666666665,4.673;4.727;3.088,PASSED,,
q2,"SELECT p, COUNT(*) FROM articles WHERE CONTAINS('president') AND CONTAINS('United States') AND DATE(= 1987) AND NER(PERSON) BIND p GROUP BY p GRANULARITY SENTENCE ORDER BY COUNT(*) DESC",reagan,1HOP,1hop.txt,naive,none,none,cold,25.807333333333332,25.048;26.357;26.017,PASSED,,
q2,"SELECT p, COUNT(*) FROM articles WHERE CONTAINS('president') AND CONTAINS('United States') AND DATE(= 1987) AND NER(PERSON) BIND p GROUP BY p GRANULARITY SENTENCE ORDER BY COUNT(*) DESC",reagan,1HOP,1hop.txt,naive,none,optimized,cold,5.812666666666666,7.745;5.098;4.595,PASSED,,
q2,"SELECT p, COUNT(*) FROM articles WHERE CONTAINS('president') AND CONTAINS('United States') AND DATE(= 1987) AND NER(PERSON) BIND p GROUP BY p GRANULARITY SENTENCE ORDER BY COUNT(*) DESC",reagan,1HOP,1hop.txt,nash,none,none,cold,22.474333333333334,21.025;23.499;22.899,PASSED,,
q2,"SELECT p, COUNT(*) FROM articles WHERE CONTAINS('president') AND CONTAINS('United States') AND DATE(= 1987) AND NER(PERSON) BIND p GROUP BY p GRANULARITY SENTENCE ORDER BY COUNT(*) DESC",reagan,1HOP,1hop.txt,nash,none,optimized,cold,5.605666666666667,5.516;6.357;4.944,PASSED,,
q3,"SELECT p, COUNT(*) FROM articles WHERE CONTAINS('president') AND CONTAINS('United States') AND DATE(= 1989) AND NER(PERSON) BIND p GROUP BY p GRANULARITY SENTENCE ORDER BY COUNT(*) DESC",bush,1HOP,1hop.txt,naive,none,none,cold,7.850666666666666,8.189;6.856;8.507,FAILED,,
q3,"SELECT p, COUNT(*) FROM articles WHERE CONTAINS('president') AND CONTAINS('United States') AND DATE(= 1989) AND NER(PERSON) BIND p GROUP BY p GRANULARITY SENTENCE ORDER BY COUNT(*) DESC",bush,1HOP,1hop.txt,naive,none,optimized,cold,3.016666666666667,2.806;3.010;3.234,FAILED,,
q3,"SELECT p, COUNT(*) FROM articles WHERE CONTAINS('president') AND CONTAINS('United States') AND DATE(= 1989) AND NER(PERSON) BIND p GROUP BY p GRANULARITY SENTENCE ORDER BY COUNT(*) DESC",bush,1HOP,1hop.txt,nash,none,none,cold,9.037,8.562;8.646;9.903,FAILED,,
q3,"SELECT p, COUNT(*) FROM articles WHERE CONTAINS('president') AND CONTAINS('United States') AND DATE(= 1989) AND NER(PERSON) BIND p GROUP BY p GRANULARITY SENTENCE ORDER BY COUNT(*) DESC",bush,1HOP,1hop.txt,nash,none,optimized,cold,3.359,3.655;3.206;3.216,FAILED,,
q4,"SELECT p, COUNT(*) FROM articles WHERE CONTAINS('president') AND CONTAINS('United States') AND DATE(= 1990) AND NER(PERSON) BIND p GROUP BY p GRANULARITY SENTENCE ORDER BY COUNT(*) DESC",bush,1HOP,1hop.txt,naive,none,none,cold,6.942333333333333,6.616;7.467;6.744,FAILED,,
q4,"SELECT p, COUNT(*) FROM articles WHERE CONTAINS('president') AND CONTAINS('United States') AND DATE(= 1990) AND NER(PERSON) BIND p GROUP BY p GRANULARITY SENTENCE ORDER BY COUNT(*) DESC",bush,1HOP,1hop.txt,naive,none,optimized,cold,3.2816666666666667,3.821;2.923;3.101,FAILED,,
q4,"SELECT p, COUNT(*) FROM articles WHERE CONTAINS('president') AND CONTAINS('United States') AND DATE(= 1990) AND NER(PERSON) BIND p GROUP BY p GRANULARITY SENTENCE ORDER BY COUNT(*) DESC",bush,1HOP,1hop.txt,nash,none,none,cold,8.251,7.689;7.328;9.736,FAILED,,
q4,"SELECT p, COUNT(*) FROM articles WHERE CONTAINS('president') AND CONTAINS('United States') AND DATE(= 1990) AND NER(PERSON) BIND p GROUP BY p GRANULARITY SENTENCE ORDER BY COUNT(*) DESC",bush,1HOP,1hop.txt,nash,none,optimized,cold,4.167333333333333,6.159;3.525;2.818,FAILED,,
q5,"SELECT p, COUNT(*) FROM articles WHERE CONTAINS('president') AND CONTAINS('United States') AND DATE(= 1991) AND NER(PERSON) BIND p GROUP BY p GRANULARITY SENTENCE ORDER BY COUNT(*) DESC",bush,1HOP,1hop.txt,naive,none,none,cold,7.612333333333333,6.395;10.116;6.326,FAILED,,
q5,"SELECT p, COUNT(*) FROM articles WHERE CONTAINS('president') AND CONTAINS('United States') AND DATE(= 1991) AND NER(PERSON) BIND p GROUP BY p GRANULARITY SENTENCE ORDER BY COUNT(*) DESC",bush,1HOP,1hop.txt,naive,none,optimized,cold,3.139666666666667,2.705;3.382;3.332,FAILED,,
q5,"SELECT p, COUNT(*) FROM articles WHERE CONTAINS('president') AND CONTAINS('United States') AND DATE(= 1991) AND NER(PERSON) BIND p GROUP BY p GRANULARITY SENTENCE ORDER BY COUNT(*) DESC",bush,1HOP,1hop.txt,nash,none,none,cold,7.501,7.496;7.642;7.365,FAILED,,
q5,"SELECT p, COUNT(*) FROM articles WHERE CONTAINS('president') AND CONTAINS('United States') AND DATE(= 1991) AND NER(PERSON) BIND p GROUP BY p GRANULARITY SENTENCE ORDER BY COUNT(*) DESC",bush,1HOP,1hop.txt,nash,none,optimized,cold,3.0589999999999997,3.972;2.950;2.255,FAILED,,
q6,"SELECT p, COUNT(*) FROM articles WHERE CONTAINS('president') AND CONTAINS('United States') AND DATE(= 1992) AND NER(PERSON) BIND p GROUP BY p GRANULARITY SENTENCE ORDER BY COUNT(*) DESC",bush,1HOP,1hop.txt,naive,none,none,cold,16.63266666666667,13.894;18.404;17.600,FAILED,,
q6,"SELECT p, COUNT(*) FROM articles WHERE CONTAINS('president') AND CONTAINS('United States') AND DATE(= 1992) AND NER(PERSON) BIND p GROUP BY p GRANULARITY SENTENCE ORDER BY COUNT(*) DESC",bush,1HOP,1hop.txt,naive,none,optimized,cold,4.369666666666666,5.427;3.789;3.893,FAILED,,
q6,"SELECT p, COUNT(*) FROM articles WHERE CONTAINS('president') AND CONTAINS('United States') AND DATE(= 1992) AND NER(PERSON) BIND p GROUP BY p GRANULARITY SENTENCE ORDER BY COUNT(*) DESC",bush,1HOP,1hop.txt,nash,none,none,cold,19.983666666666664,20.770;19.964;19.217,FAILED,,
q6,"SELECT p, COUNT(*) FROM articles WHERE CONTAINS('president') AND CONTAINS('United States') AND DATE(= 1992) AND NER(PERSON) BIND p GROUP BY p GRANULARITY SENTENCE ORDER BY COUNT(*) DESC",bush,1HOP,1hop.txt,nash,none,optimized,cold,4.072333333333334,4.958;3.435;3.824,FAILED,,
q7,"SELECT p, COUNT(*) FROM articles WHERE CONTAINS('president') AND CONTAINS('United States') AND DATE(= 1993) AND NER(PERSON) BIND p GROUP BY p GRANULARITY SENTENCE ORDER BY COUNT(*) DESC",clinton,1HOP,1hop.txt,naive,none,none,cold,7.492999999999999,9.647;6.897;5.935,FAILED,,
q7,"SELECT p, COUNT(*) FROM articles WHERE CONTAINS('president') AND CONTAINS('United States') AND DATE(= 1993) AND NER(PERSON) BIND p GROUP BY p GRANULARITY SENTENCE ORDER BY COUNT(*) DESC",clinton,1HOP,1hop.txt,naive,none,optimized,cold,3.5860000000000003,4.339;3.597;2.822,FAILED,,
q7,"SELECT p, COUNT(*) FROM articles WHERE CONTAINS('president') AND CONTAINS('United States') AND DATE(= 1993) AND NER(PERSON) BIND p GROUP BY p GRANULARITY SENTENCE ORDER BY COUNT(*) DESC",clinton,1HOP,1hop.txt,nash,none,none,cold,8.141666666666667,8.048;9.426;6.951,FAILED,,
q7,"SELECT p, COUNT(*) FROM articles WHERE CONTAINS('president') AND CONTAINS('United States') AND DATE(= 1993) AND NER(PERSON) BIND p GROUP BY p GRANULARITY SENTENCE ORDER BY COUNT(*) DESC",clinton,1HOP,1hop.txt,nash,none,optimized,cold,3.7743333333333333,3.889;4.089;3.345,FAILED,,
q8,"SELECT p, COUNT(*) FROM articles WHERE CONTAINS('president') AND CONTAINS('United States') AND DATE(= 1994) AND NER(PERSON) BIND p GROUP BY p GRANULARITY SENTENCE ORDER BY COUNT(*) DESC",clinton,1HOP,1hop.txt,naive,none,none,cold,7.629666666666668,7.423;8.380;7.086,FAILED,,
q8,"SELECT p, COUNT(*) FROM articles WHERE CONTAINS('president') AND CONTAINS('United States') AND DATE(= 1994) AND NER(PERSON) BIND p GROUP BY p GRANULARITY SENTENCE ORDER BY COUNT(*) DESC",clinton,1HOP,1hop.txt,naive,none,optimized,cold,3.157666666666667,3.548;3.115;2.810,FAILED,,
q8,"SELECT p, COUNT(*) FROM articles WHERE CONTAINS('president') AND CONTAINS('United States') AND DATE(= 1994) AND NER(PERSON) BIND p GROUP BY p GRANULARITY SENTENCE ORDER BY COUNT(*) DESC",clinton,1HOP,1hop.txt,nash,none,none,cold,9.795,8.413;10.352;10.620,FAILED,,
q8,"SELECT p, COUNT(*) FROM articles WHERE CONTAINS('president') AND CONTAINS('United States') AND DATE(= 1994) AND NER(PERSON) BIND p GROUP BY p GRANULARITY SENTENCE ORDER BY COUNT(*) DESC",clinton,1HOP,1hop.txt,nash,none,optimized,cold,2.5766666666666667,3.612;1.915;2.203,FAILED,,
q9,"SELECT p, COUNT(*) FROM articles WHERE CONTAINS('president') AND CONTAINS('United States') AND DATE(= 1995) AND NER(PERSON) BIND p GROUP BY p GRANULARITY SENTENCE ORDER BY COUNT(*) DESC",clinton,1HOP,1hop.txt,naive,none,none,cold,8.934333333333333,10.322;6.920;9.561,FAILED,,
q9,"SELECT p, COUNT(*) FROM articles WHERE CONTAINS('president') AND CONTAINS('United States') AND DATE(= 1995) AND NER(PERSON) BIND p GROUP BY p GRANULARITY SENTENCE ORDER BY COUNT(*) DESC",clinton,1HOP,1hop.txt,naive,none,optimized,cold,3.395,4.851;2.580;2.754,FAILED,,
q9,"SELECT p, COUNT(*) FROM articles WHERE CONTAINS('president') AND CONTAINS('United States') AND DATE(= 1995) AND NER(PERSON) BIND p GROUP BY p GRANULARITY SENTENCE ORDER BY COUNT(*) DESC",clinton,1HOP,1hop.txt,nash,none,none,cold,10.468333333333334,12.248;11.522;7.635,FAILED,,
q9,"SELECT p, COUNT(*) FROM articles WHERE CONTAINS('president') AND CONTAINS('United States') AND DATE(= 1995) AND NER(PERSON) BIND p GROUP BY p GRANULARITY SENTENCE ORDER BY COUNT(*) DESC",clinton,1HOP,1hop.txt,nash,none,optimized,cold,3.1183333333333336,3.583;2.899;2.873,FAILED,,
q10,"SELECT p, COUNT(*) FROM articles WHERE CONTAINS('president') AND CONTAINS('United States') AND DATE(= 1996) AND NER(PERSON) BIND p GROUP BY p GRANULARITY SENTENCE ORDER BY COUNT(*) DESC",clinton,1HOP,1hop.txt,naive,none,none,cold,6.671666666666667,7.028;7.060;5.927,FAILED,,
q10,"SELECT p, COUNT(*) FROM articles WHERE CONTAINS('president') AND CONTAINS('United States') AND DATE(= 1996) AND NER(PERSON) BIND p GROUP BY p GRANULARITY SENTENCE ORDER BY COUNT(*) DESC",clinton,1HOP,1hop.txt,naive,none,optimized,cold,3.5273333333333334,3.116;4.270;3.196,FAILED,,
q10,"SELECT p, COUNT(*) FROM articles WHERE CONTAINS('president') AND CONTAINS('United States') AND DATE(= 1996) AND NER(PERSON) BIND p GROUP BY p GRANULARITY SENTENCE ORDER BY COUNT(*) DESC",clinton,1HOP,1hop.txt,nash,none,none,cold,14.879,28.835;7.991;7.811,FAILED,,
q10,"SELECT p, COUNT(*) FROM articles WHERE CONTAINS('president') AND CONTAINS('United States') AND DATE(= 1996) AND NER(PERSON) BIND p GROUP BY p GRANULARITY SENTENCE ORDER BY COUNT(*) DESC",clinton,1HOP,1hop.txt,nash,none,optimized,cold,3.405666666666667,3.346;3.658;3.213,FAILED,,
q11,"SELECT p, COUNT(*) FROM articles WHERE CONTAINS('president') AND CONTAINS('United States') AND DATE(= 1997) AND NER(PERSON) BIND p GROUP BY p GRANULARITY SENTENCE ORDER BY COUNT(*) DESC",clinton,1HOP,1hop.txt,naive,none,none,cold,7.8069999999999995,9.266;7.267;6.888,FAILED,,
q11,"SELECT p, COUNT(*) FROM articles WHERE CONTAINS('president') AND CONTAINS('United States') AND DATE(= 1997) AND NER(PERSON) BIND p GROUP BY p GRANULARITY SENTENCE ORDER BY COUNT(*) DESC",clinton,1HOP,1hop.txt,naive,none,optimized,cold,3.717,4.827;3.477;2.847,FAILED,,
q11,"SELECT p, COUNT(*) FROM articles WHERE CONTAINS('president') AND CONTAINS('United States') AND DATE(= 1997) AND NER(PERSON) BIND p GROUP BY p GRANULARITY SENTENCE ORDER BY COUNT(*) DESC",clinton,1HOP,1hop.txt,nash,none,none,cold,9.456000000000001,6.691;12.284;9.393,FAILED,,
q11,"SELECT p, COUNT(*) FROM articles WHERE CONTAINS('president') AND CONTAINS('United States') AND DATE(= 1997) AND NER(PERSON) BIND p GROUP BY p GRANULARITY SENTENCE ORDER BY COUNT(*) DESC",clinton,1HOP,1hop.txt,nash,none,optimized,cold,3.3640000000000003,4.389;2.487;3.216,FAILED,,
q12,"SELECT p, COUNT(*) FROM articles WHERE CONTAINS('president') AND CONTAINS('United States') AND DATE(= 1998) AND NER(PERSON) BIND p GROUP BY p GRANULARITY SENTENCE ORDER BY COUNT(*) DESC",clinton,1HOP,1hop.txt,naive,none,none,cold,7.5,7.154;8.595;6.751,FAILED,,
q12,"SELECT p, COUNT(*) FROM articles WHERE CONTAINS('president') AND CONTAINS('United States') AND DATE(= 1998) AND NER(PERSON) BIND p GROUP BY p GRANULARITY SENTENCE ORDER BY COUNT(*) DESC",clinton,1HOP,1hop.txt,naive,none,optimized,cold,2.9596666666666667,2.614;3.388;2.877,FAILED,,
q12,"SELECT p, COUNT(*) FROM articles WHERE CONTAINS('president') AND CONTAINS('United States') AND DATE(= 1998) AND NER(PERSON) BIND p GROUP BY p GRANULARITY SENTENCE ORDER BY COUNT(*) DESC",clinton,1HOP,1hop.txt,nash,none,none,cold,9.231333333333334,8.100;7.700;11.894,FAILED,,
q12,"SELECT p, COUNT(*) FROM articles WHERE CONTAINS('president') AND CONTAINS('United States') AND DATE(= 1998) AND NER(PERSON) BIND p GROUP BY p GRANULARITY SENTENCE ORDER BY COUNT(*) DESC",clinton,1HOP,1hop.txt,nash,none,optimized,cold,2.9523333333333333,3.426;2.543;2.888,FAILED,,
q13,"SELECT p, COUNT(*) FROM articles WHERE CONTAINS('president') AND CONTAINS('United States') AND DATE(= 1999) AND NER(PERSON) BIND p GROUP BY p GRANULARITY SENTENCE ORDER BY COUNT(*) DESC",clinton,1HOP,1hop.txt,naive,none,none,cold,7.857333333333333,7.240;9.985;6.347,FAILED,,
q13,"SELECT p, COUNT(*) FROM articles WHERE CONTAINS('president') AND CONTAINS('United States') AND DATE(= 1999) AND NER(PERSON) BIND p GROUP BY p GRANULARITY SENTENCE ORDER BY COUNT(*) DESC",clinton,1HOP,1hop.txt,naive,none,optimized,cold,2.967,3.360;2.537;3.004,FAILED,,
q13,"SELECT p, COUNT(*) FROM articles WHERE CONTAINS('president') AND CONTAINS('United States') AND DATE(= 1999) AND NER(PERSON) BIND p GROUP BY p GRANULARITY SENTENCE ORDER BY COUNT(*) DESC",clinton,1HOP,1hop.txt,nash,none,none,cold,7.111999999999999,5.696;8.238;7.402,FAILED,,
q13,"SELECT p, COUNT(*) FROM articles WHERE CONTAINS('president') AND CONTAINS('United States') AND DATE(= 1999) AND NER(PERSON) BIND p GROUP BY p GRANULARITY SENTENCE ORDER BY COUNT(*) DESC",clinton,1HOP,1hop.txt,nash,none,optimized,cold,3.2423333333333333,4.558;3.131;2.038,FAILED,,
q14,"SELECT p, COUNT(*) FROM articles WHERE CONTAINS('president') AND CONTAINS('United States') AND DATE(= 2000) AND NER(PERSON) BIND p GROUP BY p GRANULARITY SENTENCE ORDER BY COUNT(*) DESC",clinton,1HOP,1hop.txt,naive,none,none,cold,9.255,10.869;10.508;6.388,FAILED,,
q14,"SELECT p, COUNT(*) FROM articles WHERE CONTAINS('president') AND CONTAINS('United States') AND DATE(= 2000) AND NER(PERSON) BIND p GROUP BY p GRANULARITY SENTENCE ORDER BY COUNT(*) DESC",clinton,1HOP,1hop.txt,naive,none,optimized,cold,3.0229999999999997,2.870;3.157;3.042,FAILED,,
q14,"SELECT p, COUNT(*) FROM articles WHERE CONTAINS('president') AND CONTAINS('United States') AND DATE(= 2000) AND NER(PERSON) BIND p GROUP BY p GRANULARITY SENTENCE ORDER BY COUNT(*) DESC",clinton,1HOP,1hop.txt,nash,none,none,cold,8.607,11.629;7.702;6.490,FAILED,,
q14,"SELECT p, COUNT(*) FROM articles WHERE CONTAINS('president') AND CONTAINS('United States') AND DATE(= 2000) AND NER(PERSON) BIND p GROUP BY p GRANULARITY SENTENCE ORDER BY COUNT(*) DESC",clinton,1HOP,1hop.txt,nash,none,optimized,cold,3.0913333333333335,3.483;2.990;2.801,FAILED,,
q15,"SELECT p, COUNT(*) FROM articles WHERE CONTAINS('president') AND CONTAINS('United States') AND DATE(= 2001) AND NER(PERSON) BIND p GROUP BY p GRANULARITY SENTENCE ORDER BY COUNT(*) DESC",bush,1HOP,1hop.txt,naive,none,none,cold,7.140666666666667,6.658;8.174;6.590,FAILED,,
q15,"SELECT p, COUNT(*) FROM articles WHERE CONTAINS('president') AND CONTAINS('United States') AND DATE(= 2001) AND NER(PERSON) BIND p GROUP BY p GRANULARITY SENTENCE ORDER BY COUNT(*) DESC",bush,1HOP,1hop.txt,naive,none,optimized,cold,2.9343333333333335,3.284;3.032;2.487,FAILED,,
q15,"SELECT p, COUNT(*) FROM articles WHERE CONTAINS('president') AND CONTAINS('United States') AND DATE(= 2001) AND NER(PERSON) BIND p GROUP BY p GRANULARITY SENTENCE ORDER BY COUNT(*) DESC",bush,1HOP,1hop.txt,nash,none,none,cold,12.692333333333332,22.685;7.742;7.650,FAILED,,
q15,"SELECT p, COUNT(*) FROM articles WHERE CONTAINS('president') AND CONTAINS('United States') AND DATE(= 2001) AND NER(PERSON) BIND p GROUP BY p GRANULARITY SENTENCE ORDER BY COUNT(*) DESC",bush,1HOP,1hop.txt,nash,none,optimized,cold,2.757,3.208;2.528;2.535,FAILED,,
q16,"SELECT p, COUNT(*) FROM articles WHERE CONTAINS('president') AND CONTAINS('United States') AND DATE(= 2002) AND NER(PERSON) BIND p GROUP BY p GRANULARITY SENTENCE ORDER BY COUNT(*) DESC",bush,1HOP,1hop.txt,naive,none,none,cold,6.7,7.135;6.865;6.100,FAILED,,
q16,"SELECT p, COUNT(*) FROM articles WHERE CONTAINS('president') AND CONTAINS('United States') AND DATE(= 2002) AND NER(PERSON) BIND p GROUP BY p GRANULARITY SENTENCE ORDER BY COUNT(*) DESC",bush,1HOP,1hop.txt,naive,none,optimized,cold,2.861333333333333,2.831;2.935;2.818,FAILED,,
q16,"SELECT p, COUNT(*) FROM articles WHERE CONTAINS('president') AND CONTAINS('United States') AND DATE(= 2002) AND NER(PERSON) BIND p GROUP BY p GRANULARITY SENTENCE ORDER BY COUNT(*) DESC",bush,1HOP,1hop.txt,nash,none,none,cold,10.204666666666666,15.269;8.220;7.125,FAILED,,
q16,"SELECT p, COUNT(*) FROM articles WHERE CONTAINS('president') AND CONTAINS('United States') AND DATE(= 2002) AND NER(PERSON) BIND p GROUP BY p GRANULARITY SENTENCE ORDER BY COUNT(*) DESC",bush,1HOP,1hop.txt,nash,none,optimized,cold,3.1016666666666666,3.726;2.855;2.724,FAILED,,
q17,"SELECT p, COUNT(*) FROM articles WHERE CONTAINS('president') AND CONTAINS('United States') AND DATE(= 2003) AND NER(PERSON) BIND p GROUP BY p GRANULARITY SENTENCE ORDER BY COUNT(*) DESC",bush,1HOP,1hop.txt,naive,none,none,cold,7.825333333333333,9.328;7.908;6.240,FAILED,,
q17,"SELECT p, COUNT(*) FROM articles WHERE CONTAINS('president') AND CONTAINS('United States') AND DATE(= 2003) AND NER(PERSON) BIND p GROUP BY p GRANULARITY SENTENCE ORDER BY COUNT(*) DESC",bush,1HOP,1hop.txt,naive,none,optimized,cold,3.029666666666667,3.779;2.466;2.844,FAILED,,
q17,"SELECT p, COUNT(*) FROM articles WHERE CONTAINS('president') AND CONTAINS('United States') AND DATE(= 2003) AND NER(PERSON) BIND p GROUP BY p GRANULARITY SENTENCE ORDER BY COUNT(*) DESC",bush,1HOP,1hop.txt,nash,none,none,cold,9.280666666666667,12.685;7.601;7.556,FAILED,,
q17,"SELECT p, COUNT(*) FROM articles WHERE CONTAINS('president') AND CONTAINS('United States') AND DATE(= 2003) AND NER(PERSON) BIND p GROUP BY p GRANULARITY SENTENCE ORDER BY COUNT(*) DESC",bush,1HOP,1hop.txt,nash,none,optimized,cold,3.1976666666666667,3.813;2.923;2.857,FAILED,,
q18,"SELECT p, COUNT(*) FROM articles WHERE CONTAINS('president') AND CONTAINS('United States') AND DATE(= 2004) AND NER(PERSON) BIND p GROUP BY p GRANULARITY SENTENCE ORDER BY COUNT(*) DESC",bush,1HOP,1hop.txt,naive,none,none,cold,6.696000000000001,7.195;6.813;6.080,FAILED,,
q18,"SELECT p, COUNT(*) FROM articles WHERE CONTAINS('president') AND CONTAINS('United States') AND DATE(= 2004) AND NER(PERSON) BIND p GROUP BY p GRANULARITY SENTENCE ORDER BY COUNT(*) DESC",bush,1HOP,1hop.txt,naive,none,optimized,cold,2.6779999999999995,2.877;2.286;2.871,FAILED,,
q18,"SELECT p, COUNT(*) FROM articles WHERE CONTAINS('president') AND CONTAINS('United States') AND DATE(= 2004) AND NER(PERSON) BIND p GROUP BY p GRANULARITY SENTENCE ORDER BY COUNT(*) DESC",bush,1HOP,1hop.txt,nash,none,none,cold,9.960666666666667,8.042;7.940;13.900,FAILED,,
q18,"SELECT p, COUNT(*) FROM articles WHERE CONTAINS('president') AND CONTAINS('United States') AND DATE(= 2004) AND NER(PERSON) BIND p GROUP BY p GRANULARITY SENTENCE ORDER BY COUNT(*) DESC",bush,1HOP,1hop.txt,nash,none,optimized,cold,2.961,3.022;3.065;2.796,FAILED,,
q19,"SELECT p, COUNT(*) FROM articles WHERE CONTAINS('president') AND CONTAINS('United States') AND DATE(= 2005) AND NER(PERSON) BIND p GROUP BY p GRANULARITY SENTENCE ORDER BY COUNT(*) DESC",bush,1HOP,1hop.txt,naive,none,none,cold,7.699666666666666,7.538;9.374;6.187,FAILED,,
q19,"SELECT p, COUNT(*) FROM articles WHERE CONTAINS('president') AND CONTAINS('United States') AND DATE(= 2005) AND NER(PERSON) BIND p GROUP BY p GRANULARITY SENTENCE ORDER BY COUNT(*) DESC",bush,1HOP,1hop.txt,naive,none,optimized,cold,3.564666666666667,5.751;2.400;2.543,FAILED,,
q19,"SELECT p, COUNT(*) FROM articles WHERE CONTAINS('president') AND CONTAINS('United States') AND DATE(= 2005) AND NER(PERSON) BIND p GROUP BY p GRANULARITY SENTENCE ORDER BY COUNT(*) DESC",bush,1HOP,1hop.txt,nash,none,none,cold,9.179333333333334,8.280;12.285;6.973,FAILED,,
q19,"SELECT p, COUNT(*) FROM articles WHERE CONTAINS('president') AND CONTAINS('United States') AND DATE(= 2005) AND NER(PERSON) BIND p GROUP BY p GRANULARITY SENTENCE ORDER BY COUNT(*) DESC",bush,1HOP,1hop.txt,nash,none,optimized,cold,2.8049999999999997,2.863;2.735;2.817,FAILED,,
q20,"SELECT p, COUNT(*) FROM articles WHERE CONTAINS('president') AND CONTAINS('United States') AND DATE(= 2006) AND NER(PERSON) BIND p GROUP BY p GRANULARITY SENTENCE ORDER BY COUNT(*) DESC",bush,1HOP,1hop.txt,naive,none,none,cold,7.319333333333333,6.845;8.539;6.574,FAILED,,
q20,"SELECT p, COUNT(*) FROM articles WHERE CONTAINS('president') AND CONTAINS('United States') AND DATE(= 2006) AND NER(PERSON) BIND p GROUP BY p GRANULARITY SENTENCE ORDER BY COUNT(*) DESC",bush,1HOP,1hop.txt,naive,none,optimized,cold,3.4166666666666665,3.773;3.192;3.285,FAILED,,
q20,"SELECT p, COUNT(*) FROM articles WHERE CONTAINS('president') AND CONTAINS('United States') AND DATE(= 2006) AND NER(PERSON) BIND p GROUP BY p GRANULARITY SENTENCE ORDER BY COUNT(*) DESC",bush,1HOP,1hop.txt,nash,none,none,cold,8.864333333333333,8.881;8.786;8.926,FAILED,,
q20,"SELECT p, COUNT(*) FROM articles WHERE CONTAINS('president') AND CONTAINS('United States') AND DATE(= 2006) AND NER(PERSON) BIND p GROUP BY p GRANULARITY SENTENCE ORDER BY COUNT(*) DESC",bush,1HOP,1hop.txt,nash,none,optimized,cold,3.707333333333333,4.946;3.463;2.713,FAILED,,
q21,"SELECT p, COUNT(*) FROM articles WHERE CONTAINS('president') AND CONTAINS('United States') AND DATE(= 2007) AND NER(PERSON) BIND p GROUP BY p GRANULARITY SENTENCE ORDER BY COUNT(*) DESC",bush,1HOP,1hop.txt,naive,none,none,cold,6.471666666666667,6.539;6.116;6.760,FAILED,,
q21,"SELECT p, COUNT(*) FROM articles WHERE CONTAINS('president') AND CONTAINS('United States') AND DATE(= 2007) AND NER(PERSON) BIND p GROUP BY p GRANULARITY SENTENCE ORDER BY COUNT(*) DESC",bush,1HOP,1hop.txt,naive,none,optimized,cold,2.975,3.153;2.893;2.879,FAILED,,
q21,"SELECT p, COUNT(*) FROM articles WHERE CONTAINS('president') AND CONTAINS('United States') AND DATE(= 2007) AND NER(PERSON) BIND p GROUP BY p GRANULARITY SENTENCE ORDER BY COUNT(*) DESC",bush,1HOP,1hop.txt,nash,none,none,cold,11.690666666666667,13.907;11.491;9.674,FAILED,,
q21,"SELECT p, COUNT(*) FROM articles WHERE CONTAINS('president') AND CONTAINS('United States') AND DATE(= 2007) AND NER(PERSON) BIND p GROUP BY p GRANULARITY SENTENCE ORDER BY COUNT(*) DESC",bush,1HOP,1hop.txt,nash,none,optimized,cold,3.1526666666666667,4.094;2.874;2.490,FAILED,,
q22,"SELECT p, COUNT(*) FROM articles WHERE CONTAINS('chancellor') AND CONTAINS('germany') AND DATE(= 2006) AND NER(PERSON) BIND p GROUP BY p GRANULARITY SENTENCE ORDER BY COUNT(*) DESC",angela merkel,1HOP,1hop.txt,naive,none,none,cold,3.15,3.537;3.355;2.558,FAILED,,
q22,"SELECT p, COUNT(*) FROM articles WHERE CONTAINS('chancellor') AND CONTAINS('germany') AND DATE(= 2006) AND NER(PERSON) BIND p GROUP BY p GRANULARITY SENTENCE ORDER BY COUNT(*) DESC",angela merkel,1HOP,1hop.txt,naive,none,optimized,cold,2.4753333333333334,2.590;2.026;2.810,FAILED,,
q22,"SELECT p, COUNT(*) FROM articles WHERE CONTAINS('chancellor') AND CONTAINS('germany') AND DATE(= 2006) AND NER(PERSON) BIND p GROUP BY p GRANULARITY SENTENCE ORDER BY COUNT(*) DESC",angela merkel,1HOP,1hop.txt,nash,none,none,cold,5.904,7.712;4.950;5.050,FAILED,,
q22,"SELECT p, COUNT(*) FROM articles WHERE CONTAINS('chancellor') AND CONTAINS('germany') AND DATE(= 2006) AND NER(PERSON) BIND p GROUP BY p GRANULARITY SENTENCE ORDER BY COUNT(*) DESC",angela merkel,1HOP,1hop.txt,nash,none,optimized,cold,2.8023333333333333,3.558;2.685;2.164,FAILED,,
q23,"SELECT p, COUNT(*) FROM articles WHERE CONTAINS('chancellor') AND CONTAINS('germany') AND DATE(= 1997) AND NER(PERSON) BIND p GROUP BY p GRANULARITY SENTENCE ORDER BY COUNT(*) DESC",helmut kohl,1HOP,1hop.txt,naive,none,none,cold,3.6910000000000003,4.684;2.797;3.592,FAILED,,
q23,"SELECT p, COUNT(*) FROM articles WHERE CONTAINS('chancellor') AND CONTAINS('germany') AND DATE(= 1997) AND NER(PERSON) BIND p GROUP BY p GRANULARITY SENTENCE ORDER BY COUNT(*) DESC",helmut kohl,1HOP,1hop.txt,naive,none,optimized,cold,2.465,2.691;2.674;2.030,FAILED,,
q23,"SELECT p, COUNT(*) FROM articles WHERE CONTAINS('chancellor') AND CONTAINS('germany') AND DATE(= 1997) AND NER(PERSON) BIND p GROUP BY p GRANULARITY SENTENCE ORDER BY COUNT(*) DESC",helmut kohl,1HOP,1hop.txt,nash,none,none,cold,4.398333333333333,5.745;4.246;3.204,FAILED,,
q23,"SELECT p, COUNT(*) FROM articles WHERE CONTAINS('chancellor') AND CONTAINS('germany') AND DATE(= 1997) AND NER(PERSON) BIND p GROUP BY p GRANULARITY SENTENCE ORDER BY COUNT(*) DESC",helmut kohl,1HOP,1hop.txt,nash,none,optimized,cold,2.6330000000000005,4.195;2.205;1.499,FAILED,,
q24,"SELECT p, COUNT(*) FROM articles WHERE CONTAINS('chancellor') AND CONTAINS('germany') AND DATE(= 1991) AND NER(PERSON) BIND p GROUP BY p GRANULARITY SENTENCE ORDER BY COUNT(*) DESC",,1HOP,1hop.txt,naive,none,none,cold,3.0216666666666665,3.783;2.453;2.829,SKIPPED,,
q24,"SELECT p, COUNT(*) FROM articles WHERE CONTAINS('chancellor') AND CONTAINS('germany') AND DATE(= 1991) AND NER(PERSON) BIND p GROUP BY p GRANULARITY SENTENCE ORDER BY COUNT(*) DESC",,1HOP,1hop.txt,naive,none,optimized,cold,2.7123333333333335,3.275;2.927;1.935,SKIPPED,,
q24,"SELECT p, COUNT(*) FROM articles WHERE CONTAINS('chancellor') AND CONTAINS('germany') AND DATE(= 1991) AND NER(PERSON) BIND p GROUP BY p GRANULARITY SENTENCE ORDER BY COUNT(*) DESC",,1HOP,1hop.txt,nash,none,none,cold,4.328333333333333,4.301;4.760;3.924,SKIPPED,,
q24,"SELECT p, COUNT(*) FROM articles WHERE CONTAINS('chancellor') AND CONTAINS('germany') AND DATE(= 1991) AND NER(PERSON) BIND p GROUP BY p GRANULARITY SENTENCE ORDER BY COUNT(*) DESC",,1HOP,1hop.txt,nash,none,optimized,cold,2.574666666666667,3.239;2.444;2.041,SKIPPED,,
q25,"SELECT p, COUNT(*) FROM articles WHERE CONTAINS('prime minister') AND CONTAINS('norway') AND DATE(< 2050) AND NER(PERSON) BIND p GROUP BY p GRANULARITY SENTENCE ORDER BY COUNT(*) DESC",,1HOP,1hop.txt,naive,none,none,cold,2.891666666666667,3.448;3.247;1.980,SKIPPED,,
q25,"SELECT p, COUNT(*) FROM articles WHERE CONTAINS('prime minister') AND CONTAINS('norway') AND DATE(< 2050) AND NER(PERSON) BIND p GROUP BY p GRANULARITY SENTENCE ORDER BY COUNT(*) DESC",,1HOP,1hop.txt,naive,none,optimized,cold,3.2076666666666664,3.589;3.617;2.417,SKIPPED,,
q25,"SELECT p, COUNT(*) FROM articles WHERE CONTAINS('prime minister') AND CONTAINS('norway') AND DATE(< 2050) AND NER(PERSON) BIND p GROUP BY p GRANULARITY SENTENCE ORDER BY COUNT(*) DESC",,1HOP,1hop.txt,nash,none,none,cold,2.864666666666667,3.733;2.373;2.488,SKIPPED,,
q25,"SELECT p, COUNT(*) FROM articles WHERE CONTAINS('prime minister') AND CONTAINS('norway') AND DATE(< 2050) AND NER(PERSON) BIND p GROUP BY p GRANULARITY SENTENCE ORDER BY COUNT(*) DESC",,1HOP,1hop.txt,nash,none,optimized,cold,2.8236666666666665,2.879;3.028;2.564,SKIPPED,,
q26,"SELECT p, country, date, COUNT(*) FROM articles WHERE CONTAINS('prime minister') AND NER(COUNTRY) BIND country AND DATE(< 2050) BIND date AND NER(PERSON) BIND p AND NOT(CONTAINS('president')) GROUP BY p, country, date GRANULARITY SENTENCE ORDER BY COUNT(*) DESC",,1HOP,1hop.txt,naive,none,none,cold,41.488,52.022;36.585;35.857,SKIPPED,,
q26,"SELECT p, country, date, COUNT(*) FROM articles WHERE CONTAINS('prime minister') AND NER(COUNTRY) BIND country AND DATE(< 2050) BIND date AND NER(PERSON) BIND p AND NOT(CONTAINS('president')) GROUP BY p, country, date GRANULARITY SENTENCE ORDER BY COUNT(*) DESC",,1HOP,1hop.txt,naive,none,optimized,cold,33.321333333333335,36.898;32.008;31.058,SKIPPED,,
q26,"SELECT p, country, date, COUNT(*) FROM articles WHERE CONTAINS('prime minister') AND NER(COUNTRY) BIND country AND DATE(< 2050) BIND date AND NER(PERSON) BIND p AND NOT(CONTAINS('president')) GROUP BY p, country, date GRANULARITY SENTENCE ORDER BY COUNT(*) DESC",,1HOP,1hop.txt,nash,none,none,cold,5.563333333333333,6.423;5.441;4.826,SKIPPED,,
q26,"SELECT p, country, date, COUNT(*) FROM articles WHERE CONTAINS('prime minister') AND NER(COUNTRY) BIND country AND DATE(< 2050) BIND date AND NER(PERSON) BIND p AND NOT(CONTAINS('president')) GROUP BY p, country, date GRANULARITY SENTENCE ORDER BY COUNT(*) DESC",,1HOP,1hop.txt,nash,none,optimized,cold,3.8066666666666666,3.976;4.657;2.787,SKIPPED,,
q27,"SELECT p, country, date, COUNT(*) FROM articles WHERE CONTAINS('prime minister') AND NER(COUNTRY) BIND country AND DATE(= 1991) BIND date AND NER(PERSON) BIND p AND NOT(CONTAINS('president')) GROUP BY p, country, date GRANULARITY SENTENCE ORDER BY COUNT(*) DESC",,1HOP,1hop.txt,naive,none,none,cold,6.345,5.728;5.769;7.538,SKIPPED,,
q27,"SELECT p, country, date, COUNT(*) FROM articles WHERE CONTAINS('prime minister') AND NER(COUNTRY) BIND country AND DATE(= 1991) BIND date AND NER(PERSON) BIND p AND NOT(CONTAINS('president')) GROUP BY p, country, date GRANULARITY SENTENCE ORDER BY COUNT(*) DESC",,1HOP,1hop.txt,naive,none,optimized,cold,3.8953333333333333,4.828;3.519;3.339,SKIPPED,,
q27,"SELECT p, country, date, COUNT(*) FROM articles WHERE CONTAINS('prime minister') AND NER(COUNTRY) BIND country AND DATE(= 1991) BIND date AND NER(PERSON) BIND p AND NOT(CONTAINS('president')) GROUP BY p, country, date GRANULARITY SENTENCE ORDER BY COUNT(*) DESC",,1HOP,1hop.txt,nash,none,none,cold,7.335,6.974;8.597;6.434,SKIPPED,,
q27,"SELECT p, country, date, COUNT(*) FROM articles WHERE CONTAINS('prime minister') AND NER(COUNTRY) BIND country AND DATE(= 1991) BIND date AND NER(PERSON) BIND p AND NOT(CONTAINS('president')) GROUP BY p, country, date GRANULARITY SENTENCE ORDER BY COUNT(*) DESC",,1HOP,1hop.txt,nash,none,optimized,cold,5.217333333333333,5.947;4.603;5.102,SKIPPED,,
q28,"SELECT p, country, date, COUNT(*) FROM articles WHERE CONTAINS('prime minister') AND NER(COUNTRY) BIND country AND DATE(= 1980) BIND date AND NER(PERSON) BIND p AND NOT(CONTAINS('president')) GROUP BY p, country, date GRANULARITY SENTENCE ORDER BY COUNT(*) DESC",,1HOP,1hop.txt,naive,none,none,cold,18.896666666666665,20.392;18.826;17.472,SKIPPED,,
q28,"SELECT p, country, date, COUNT(*) FROM articles WHERE CONTAINS('prime minister') AND NER(COUNTRY) BIND country AND DATE(= 1980) BIND date AND NER(PERSON) BIND p AND NOT(CONTAINS('president')) GROUP BY p, country, date GRANULARITY SENTENCE ORDER BY COUNT(*) DESC",,1HOP,1hop.txt,naive,none,optimized,cold,18.69666666666667,16.096;15.104;24.890,SKIPPED,,
q28,"SELECT p, country, date, COUNT(*) FROM articles WHERE CONTAINS('prime minister') AND NER(COUNTRY) BIND country AND DATE(= 1980) BIND date AND NER(PERSON) BIND p AND NOT(CONTAINS('president')) GROUP BY p, country, date GRANULARITY SENTENCE ORDER BY COUNT(*) DESC",,1HOP,1hop.txt,nash,none,none,cold,26.828999999999997,31.291;19.015;30.181,SKIPPED,,
q28,"SELECT p, country, date, COUNT(*) FROM articles WHERE CONTAINS('prime minister') AND NER(COUNTRY) BIND country AND DATE(= 1980) BIND date AND NER(PERSON) BIND p AND NOT(CONTAINS('president')) GROUP BY p, country, date GRANULARITY SENTENCE ORDER BY COUNT(*) DESC",,1HOP,1hop.txt,nash,none,optimized,cold,20.411666666666665,26.545;18.267;16.423,SKIPPED,,
q29,"SELECT p, country, date, COUNT(*) FROM articles WHERE CONTAINS('prime minister') AND NER(COUNTRY) BIND country AND DATE(= 1987) BIND date AND NER(PERSON) BIND p AND NOT(CONTAINS('president')) GROUP BY p, country, date GRANULARITY SENTENCE ORDER BY COUNT(*) DESC",,1HOP,1hop.txt,naive,none,none,cold,29.736666666666668,38.421;24.638;26.151,SKIPPED,,
q29,"SELECT p, country, date, COUNT(*) FROM articles WHERE CONTAINS('prime minister') AND NER(COUNTRY) BIND country AND DATE(= 1987) BIND date AND NER(PERSON) BIND p AND NOT(CONTAINS('president')) GROUP BY p, country, date GRANULARITY SENTENCE ORDER BY COUNT(*) DESC",,1HOP,1hop.txt,naive,none,optimized,cold,22.843666666666667,23.613;22.446;22.472,SKIPPED,,
q29,"SELECT p, country, date, COUNT(*) FROM articles WHERE CONTAINS('prime minister') AND NER(COUNTRY) BIND country AND DATE(= 1987) BIND date AND NER(PERSON) BIND p AND NOT(CONTAINS('president')) GROUP BY p, country, date GRANULARITY SENTENCE ORDER BY COUNT(*) DESC",,1HOP,1hop.txt,nash,none,none,cold,23.557666666666666,18.709;24.722;27.242,SKIPPED,,
q29,"SELECT p, country, date, COUNT(*) FROM articles WHERE CONTAINS('prime minister') AND NER(COUNTRY) BIND country AND DATE(= 1987) BIND date AND NER(PERSON) BIND p AND NOT(CONTAINS('president')) GROUP BY p, country, date GRANULARITY SENTENCE ORDER BY COUNT(*) DESC",,1HOP,1hop.txt,nash,none,optimized,cold,23.496666666666666,26.377;23.089;21.024,SKIPPED,,
q30,"SELECT p, country, date, COUNT(*) FROM articles WHERE CONTAINS('prime minister') AND NER(COUNTRY) BIND country AND DATE(= 2000) BIND date AND NER(PERSON) BIND p AND NOT(CONTAINS('president')) GROUP BY p, country, date GRANULARITY SENTENCE ORDER BY COUNT(*) DESC",,1HOP,1hop.txt,naive,none,none,cold,5.594,5.477;5.994;5.311,SKIPPED,,
q30,"SELECT p, country, date, COUNT(*) FROM articles WHERE CONTAINS('prime minister') AND NER(COUNTRY) BIND country AND DATE(= 2000) BIND date AND NER(PERSON) BIND p AND NOT(CONTAINS('president')) GROUP BY p, country, date GRANULARITY SENTENCE ORDER BY COUNT(*) DESC",,1HOP,1hop.txt,naive,none,optimized,cold,3.4730000000000003,3.321;4.185;2.913,SKIPPED,,
q30,"SELECT p, country, date, COUNT(*) FROM articles WHERE CONTAINS('prime minister') AND NER(COUNTRY) BIND country AND DATE(= 2000) BIND date AND NER(PERSON) BIND p AND NOT(CONTAINS('president')) GROUP BY p, country, date GRANULARITY SENTENCE ORDER BY COUNT(*) DESC",,1HOP,1hop.txt,nash,none,none,cold,6.746333333333333,7.168;6.909;6.162,SKIPPED,,
q30,"SELECT p, country, date, COUNT(*) FROM articles WHERE CONTAINS('prime minister') AND NER(COUNTRY) BIND country AND DATE(= 2000) BIND date AND NER(PERSON) BIND p AND NOT(CONTAINS('president')) GROUP BY p, country, date GRANULARITY SENTENCE ORDER BY COUNT(*) DESC",,1HOP,1hop.txt,nash,none,optimized,cold,5.4173333333333344,8.336;3.930;3.986,SKIPPED,,
q31,"SELECT p, country, date, COUNT(*) FROM articles WHERE CONTAINS('prime minister') AND NER(COUNTRY) BIND country AND DATE(INTERSECT [1990,2000]) BIND date AND NER(PERSON) BIND p AND NOT(CONTAINS('president')) GROUP BY p, country, date GRANULARITY SENTENCE ORDER BY COUNT(*) DESC",,1HOP,1hop.txt,naive,none,none,cold,6.175333333333334,6.053;6.269;6.204,SKIPPED,,
q31,"SELECT p, country, date, COUNT(*) FROM articles WHERE CONTAINS('prime minister') AND NER(COUNTRY) BIND country AND DATE(INTERSECT [1990,2000]) BIND date AND NER(PERSON) BIND p AND NOT(CONTAINS('president')) GROUP BY p, country, date GRANULARITY SENTENCE ORDER BY COUNT(*) DESC",,1HOP,1hop.txt,naive,none,optimized,cold,3.284333333333333,3.982;2.956;2.915,SKIPPED,,
q31,"SELECT p, country, date, COUNT(*) FROM articles WHERE CONTAINS('prime minister') AND NER(COUNTRY) BIND country AND DATE(INTERSECT [1990,2000]) BIND date AND NER(PERSON) BIND p AND NOT(CONTAINS('president')) GROUP BY p, country, date GRANULARITY SENTENCE ORDER BY COUNT(*) DESC",,1HOP,1hop.txt,nash,none,none,cold,8.501333333333333,9.586;7.922;7.996,SKIPPED,,
q31,"SELECT p, country, date, COUNT(*) FROM articles WHERE CONTAINS('prime minister') AND NER(COUNTRY) BIND country AND DATE(INTERSECT [1990,2000]) BIND date AND NER(PERSON) BIND p AND NOT(CONTAINS('president')) GROUP BY p, country, date GRANULARITY SENTENCE ORDER BY COUNT(*) DESC",,1HOP,1hop.txt,nash,none,optimized,cold,6.0440000000000005,4.718;7.296;6.118,SKIPPED,,
q32,"SELECT p, COUNT(*) FROM articles WHERE CONTAINS('United States') AND CONTAINS('president') AND DATE(INTERSECT[1987,2000]) AND NER(PERSON) BIND p GROUP BY p GRANULARITY SENTENCE ORDER BY COUNT(*) DESC",,1HOP,1hop.txt,naive,none,none,cold,24.191666666666666,18.801;27.591;26.183,SKIPPED,,
q32,"SELECT p, COUNT(*) FROM articles WHERE CONTAINS('United States') AND CONTAINS('president') AND DATE(INTERSECT[1987,2000]) AND NER(PERSON) BIND p GROUP BY p GRANULARITY SENTENCE ORDER BY COUNT(*) DESC",,1HOP,1hop.txt,naive,none,optimized,cold,5.3260000000000005,5.847;5.208;4.923,SKIPPED,,
q32,"SELECT p, COUNT(*) FROM articles WHERE CONTAINS('United States') AND CONTAINS('president') AND DATE(INTERSECT[1987,2000]) AND NER(PERSON) BIND p GROUP BY p GRANULARITY SENTENCE ORDER BY COUNT(*) DESC",,1HOP,1hop.txt,nash,none,none,cold,30.288333333333338,27.543;37.773;25.549,SKIPPED,,
q32,"SELECT p, COUNT(*) FROM articles WHERE CONTAINS('United States') AND CONTAINS('president') AND DATE(INTERSECT[1987,2000]) AND NER(PERSON) BIND p GROUP BY p GRANULARITY SENTENCE ORDER BY COUNT(*) DESC",,1HOP,1hop.txt,nash,none,optimized,cold,5.938,7.825;5.575;4.414,SKIPPED,,
q33,"SELECT country, rate, date FROM articles WHERE CONTAINS('unemployment') AND NER(COUNTRY) BIND country AND NER(PERCENT) BIND rate AND DATE(< 2025) BIND date GRANULARITY SENTENCE",,1HOP,1hop.txt,naive,none,none,cold,19.027666666666665,17.385;19.695;20.003,SKIPPED,,
q33,"SELECT country, rate, date FROM articles WHERE CONTAINS('unemployment') AND NER(COUNTRY) BIND country AND NER(PERCENT) BIND rate AND DATE(< 2025) BIND date GRANULARITY SENTENCE",,1HOP,1hop.txt,naive,none,optimized,cold,31.163666666666668,32.867;29.788;30.836,SKIPPED,,
q33,"SELECT country, rate, date FROM articles WHERE CONTAINS('unemployment') AND NER(COUNTRY) BIND country AND NER(PERCENT) BIND rate AND DATE(< 2025) BIND date GRANULARITY SENTENCE",,1HOP,1hop.txt,nash,none,none,cold,17.358333333333334,12.541;25.076;14.458,SKIPPED,,
q33,"SELECT country, rate, date FROM articles WHERE CONTAINS('unemployment') AND NER(COUNTRY) BIND country AND NER(PERCENT) BIND rate AND DATE(< 2025) BIND date GRANULARITY SENTENCE",,1HOP,1hop.txt,nash,none,optimized,cold,12.828666666666665,13.934;12.065;12.487,SKIPPED,,
q34,"SELECT date, person, COUNT(*) FROM source WHERE CONTAINS('moon') AND NER(PERSON, 'Neil Armstrong') BIND person AND DATE(< 2050) BIND date GROUP BY person, date GRANULARITY SENTENCE ORDER BY COUNT(*)",,1HOP,1hop.txt,naive,none,none,cold,13.015,12.563;13.118;13.364,SKIPPED,,
q34,"SELECT date, person, COUNT(*) FROM source WHERE CONTAINS('moon') AND NER(PERSON, 'Neil Armstrong') BIND person AND DATE(< 2050) BIND date GROUP BY person, date GRANULARITY SENTENCE ORDER BY COUNT(*)",,1HOP,1hop.txt,naive,none,optimized,cold,2.8663333333333334,3.617;2.531;2.451,SKIPPED,,
q34,"SELECT date, person, COUNT(*) FROM source WHERE CONTAINS('moon') AND NER(PERSON, 'Neil Armstrong') BIND person AND DATE(< 2050) BIND date GROUP BY person, date GRANULARITY SENTENCE ORDER BY COUNT(*)",,1HOP,1hop.txt,nash,none,none,cold,16.156666666666666,13.315;13.586;21.569,SKIPPED,,
q34,"SELECT date, person, COUNT(*) FROM source WHERE CONTAINS('moon') AND NER(PERSON, 'Neil Armstrong') BIND person AND DATE(< 2050) BIND date GROUP BY person, date GRANULARITY SENTENCE ORDER BY COUNT(*)",,1HOP,1hop.txt,nash,none,optimized,cold,2.6086666666666667,3.544;2.259;2.023,SKIPPED,,
q35,SELECT person FROM source WHERE CONTAINS('walk moon') AND DATE(= 1969) AND NER(PERSON) BIND person GRANULARITY SENTENCE,,1HOP,1hop.txt,naive,none,none,cold,2.0323333333333333,1.751;2.183;2.163,SKIPPED,,
q35,SELECT person FROM source WHERE CONTAINS('walk moon') AND DATE(= 1969) AND NER(PERSON) BIND person GRANULARITY SENTENCE,,1HOP,1hop.txt,naive,none,optimized,cold,2.018666666666667,2.440;1.986;1.630,SKIPPED,,
q35,SELECT person FROM source WHERE CONTAINS('walk moon') AND DATE(= 1969) AND NER(PERSON) BIND person GRANULARITY SENTENCE,,1HOP,1hop.txt,nash,none,none,cold,1.8753333333333335,2.225;1.783;1.618,SKIPPED,,
q35,SELECT person FROM source WHERE CONTAINS('walk moon') AND DATE(= 1969) AND NER(PERSON) BIND person GRANULARITY SENTENCE,,1HOP,1hop.txt,nash,none,optimized,cold,1.9903333333333333,2.470;1.755;1.746,SKIPPED,,
q36,"SELECT date, mission FROM source WHERE DEPENDS('Apollo','nummod', *) AND NER(NUMBER) BIND mission AND DATE(< 2050) BIND date GRANULARITY SENTENCE",,1HOP,1hop.txt,naive,none,none,cold,27.810999999999996,26.446;24.605;32.382,SKIPPED,,
q36,"SELECT date, mission FROM source WHERE DEPENDS('Apollo','nummod', *) AND NER(NUMBER) BIND mission AND DATE(< 2050) BIND date GRANULARITY SENTENCE",,1HOP,1hop.txt,naive,none,optimized,cold,35.06966666666667,42.887;37.528;24.794,SKIPPED,,
q36,"SELECT date, mission FROM source WHERE DEPENDS('Apollo','nummod', *) AND NER(NUMBER) BIND mission AND DATE(< 2050) BIND date GRANULARITY SENTENCE",,1HOP,1hop.txt,nash,none,none,cold,10.800333333333333,11.158;11.000;10.243,SKIPPED,,
q36,"SELECT date, mission FROM source WHERE DEPENDS('Apollo','nummod', *) AND NER(NUMBER) BIND mission AND DATE(< 2050) BIND date GRANULARITY SENTENCE",,1HOP,1hop.txt,nash,none,optimized,cold,10.481666666666667,9.939;11.047;10.459,SKIPPED,,
q1,"SELECT p, COUNT(*) FROM articles WHERE CONTAINS('president') AND CONTAINS('United States') AND DATE(= 1988) AND NER(PERSON) BIND p GROUP BY p GRANULARITY SENTENCE ORDER BY COUNT(*) DESC",reagan,1HOP,1hop.txt,naive,none,none,warm,18.618,18.356;18.738;18.760,PASSED,,
q1,"SELECT p, COUNT(*) FROM articles WHERE CONTAINS('president') AND CONTAINS('United States') AND DATE(= 1988) AND NER(PERSON) BIND p GROUP BY p GRANULARITY SENTENCE ORDER BY COUNT(*) DESC",reagan,1HOP,1hop.txt,naive,none,optimized,warm,4.033333333333333,4.145;3.838;4.117,PASSED,,
q1,"SELECT p, COUNT(*) FROM articles WHERE CONTAINS('president') AND CONTAINS('United States') AND DATE(= 1988) AND NER(PERSON) BIND p GROUP BY p GRANULARITY SENTENCE ORDER BY COUNT(*) DESC",reagan,1HOP,1hop.txt,nash,none,none,warm,19.74266666666667,19.939;18.646;20.643,PASSED,,
q1,"SELECT p, COUNT(*) FROM articles WHERE CONTAINS('president') AND CONTAINS('United States') AND DATE(= 1988) AND NER(PERSON) BIND p GROUP BY p GRANULARITY SENTENCE ORDER BY COUNT(*) DESC",reagan,1HOP,1hop.txt,nash,none,optimized,warm,4.043,4.188;4.127;3.814,PASSED,,
q2,"SELECT p, COUNT(*) FROM articles WHERE CONTAINS('president') AND CONTAINS('United States') AND DATE(= 1987) AND NER(PERSON) BIND p GROUP BY p GRANULARITY SENTENCE ORDER BY COUNT(*) DESC",reagan,1HOP,1hop.txt,naive,none,none,warm,24.180000000000003,24.184;24.190;24.166,PASSED,,
q2,"SELECT p, COUNT(*) FROM articles WHERE CONTAINS('president') AND CONTAINS('United States') AND DATE(= 1987) AND NER(PERSON) BIND p GROUP BY p GRANULARITY SENTENCE ORDER BY COUNT(*) DESC",reagan,1HOP,1hop.txt,naive,none,optimized,warm,5.216333333333334,5.389;4.957;5.303,PASSED,,
q2,"SELECT p, COUNT(*) FROM articles WHERE CONTAINS('president') AND CONTAINS('United States') AND DATE(= 1987) AND NER(PERSON) BIND p GROUP BY p GRANULARITY SENTENCE ORDER BY COUNT(*) DESC",reagan,1HOP,1hop.txt,nash,none,none,warm,24.471666666666664,25.884;24.086;23.445,PASSED,,
q2,"SELECT p, COUNT(*) FROM articles WHERE CONTAINS('president') AND CONTAINS('United States') AND DATE(= 1987) AND NER(PERSON) BIND p GROUP BY p GRANULARITY SENTENCE ORDER BY COUNT(*) DESC",reagan,1HOP,1hop.txt,nash,none,optimized,warm,5.151666666666667,5.288;4.972;5.195,PASSED,,
q3,"SELECT p, COUNT(*) FROM articles WHERE CONTAINS('president') AND CONTAINS('United States') AND DATE(= 1989) AND NER(PERSON) BIND p GROUP BY p GRANULARITY SENTENCE ORDER BY COUNT(*) DESC",bush,1HOP,1hop.txt,naive,none,none,warm,8.192,9.741;9.050;5.785,FAILED,,
q3,"SELECT p, COUNT(*) FROM articles WHERE CONTAINS('president') AND CONTAINS('United States') AND DATE(= 1989) AND NER(PERSON) BIND p GROUP BY p GRANULARITY SENTENCE ORDER BY COUNT(*) DESC",bush,1HOP,1hop.txt,naive,none,optimized,warm,3.1650000000000005,3.212;3.028;3.255,FAILED,,
q3,"SELECT p, COUNT(*) FROM articles WHERE CONTAINS('president') AND CONTAINS('United States') AND DATE(= 1989) AND NER(PERSON) BIND p GROUP BY p GRANULARITY SENTENCE ORDER BY COUNT(*) DESC",bush,1HOP,1hop.txt,nash,none,none,warm,12.887666666666668,13.053;12.919;12.691,FAILED,,
q3,"SELECT p, COUNT(*) FROM articles WHERE CONTAINS('president') AND CONTAINS('United States') AND DATE(= 1989) AND NER(PERSON) BIND p GROUP BY p GRANULARITY SENTENCE ORDER BY COUNT(*) DESC",bush,1HOP,1hop.txt,nash,none,optimized,warm,3.2803333333333335,3.478;2.928;3.435,FAILED,,
q4,"SELECT p, COUNT(*) FROM articles WHERE CONTAINS('president') AND CONTAINS('United States') AND DATE(= 1990) AND NER(PERSON) BIND p GROUP BY p GRANULARITY SENTENCE ORDER BY COUNT(*) DESC",bush,1HOP,1hop.txt,naive,none,none,warm,8.771333333333333,6.532;9.909;9.873,FAILED,,
q4,"SELECT p, COUNT(*) FROM articles WHERE CONTAINS('president') AND CONTAINS('United States') AND DATE(= 1990) AND NER(PERSON) BIND p GROUP BY p GRANULARITY SENTENCE ORDER BY COUNT(*) DESC",bush,1HOP,1hop.txt,naive,none,optimized,warm,3.3213333333333335,3.322;3.313;3.329,FAILED,,
q4,"SELECT p, COUNT(*) FROM articles WHERE CONTAINS('president') AND CONTAINS('United States') AND DATE(= 1990) AND NER(PERSON) BIND p GROUP BY p GRANULARITY SENTENCE ORDER BY COUNT(*) DESC",bush,1HOP,1hop.txt,nash,none,none,warm,11.896333333333333,12.398;11.697;11.594,FAILED,,
q4,"SELECT p, COUNT(*) FROM articles WHERE CONTAINS('president') AND CONTAINS('United States') AND DATE(= 1990) AND NER(PERSON) BIND p GROUP BY p GRANULARITY SENTENCE ORDER BY COUNT(*) DESC",bush,1HOP,1hop.txt,nash,none,optimized,warm,3.361666666666667,3.343;3.300;3.442,FAILED,,
q5,"SELECT p, COUNT(*) FROM articles WHERE CONTAINS('president') AND CONTAINS('United States') AND DATE(= 1991) AND NER(PERSON) BIND p GROUP BY p GRANULARITY SENTENCE ORDER BY COUNT(*) DESC",bush,1HOP,1hop.txt,naive,none,none,warm,9.943333333333333,10.114;9.852;9.864,FAILED,,
q5,"SELECT p, COUNT(*) FROM articles WHERE CONTAINS('president') AND CONTAINS('United States') AND DATE(= 1991) AND NER(PERSON) BIND p GROUP BY p GRANULARITY SENTENCE ORDER BY COUNT(*) DESC",bush,1HOP,1hop.txt,naive,none,optimized,warm,3.9120000000000004,3.900;3.888;3.948,FAILED,,
q5,"SELECT p, COUNT(*) FROM articles WHERE CONTAINS('president') AND CONTAINS('United States') AND DATE(= 1991) AND NER(PERSON) BIND p GROUP BY p GRANULARITY SENTENCE ORDER BY COUNT(*) DESC",bush,1HOP,1hop.txt,nash,none,none,warm,12.994666666666667,14.242;12.508;12.234,FAILED,,
q5,"SELECT p, COUNT(*) FROM articles WHERE CONTAINS('president') AND CONTAINS('United States') AND DATE(= 1991) AND NER(PERSON) BIND p GROUP BY p GRANULARITY SENTENCE ORDER BY COUNT(*) DESC",bush,1HOP,1hop.txt,nash,none,optimized,warm,3.269666666666667,3.277;3.410;3.122,FAILED,,
q6,"SELECT p, COUNT(*) FROM articles WHERE CONTAINS('president') AND CONTAINS('United States') AND DATE(= 1992) AND NER(PERSON) BIND p GROUP BY p GRANULARITY SENTENCE ORDER BY COUNT(*) DESC",bush,1HOP,1hop.txt,naive,none,none,warm,18.170666666666666,20.333;16.907;17.272,FAILED,,
q6,"SELECT p, COUNT(*) FROM articles WHERE CONTAINS('president') AND CONTAINS('United States') AND DATE(= 1992) AND NER(PERSON) BIND p GROUP BY p GRANULARITY SENTENCE ORDER BY COUNT(*) DESC",bush,1HOP,1hop.txt,naive,none,optimized,warm,3.532666666666666,3.454;3.631;3.513,FAILED,,
q6,"SELECT p, COUNT(*) FROM articles WHERE CONTAINS('president') AND CONTAINS('United States') AND DATE(= 1992) AND NER(PERSON) BIND p GROUP BY p GRANULARITY SENTENCE ORDER BY COUNT(*) DESC",bush,1HOP,1hop.txt,nash,none,none,warm,18.162666666666667,17.585;18.333;18.570,FAILED,,
q6,"SELECT p, COUNT(*) FROM articles WHERE CONTAINS('president') AND CONTAINS('United States') AND DATE(= 1992) AND NER(PERSON) BIND p GROUP BY p GRANULARITY SENTENCE ORDER BY COUNT(*) DESC",bush,1HOP,1hop.txt,nash,none,optimized,warm,3.526,3.454;3.124;4.000,FAILED,,
q7,"SELECT p, COUNT(*) FROM articles WHERE CONTAINS('president') AND CONTAINS('United States') AND DATE(= 1993) AND NER(PERSON) BIND p GROUP BY p GRANULARITY SENTENCE ORDER BY COUNT(*) DESC",clinton,1HOP,1hop.txt,naive,none,none,warm,7.552333333333333,8.284;8.292;6.081,FAILED,,
q7,"SELECT p, COUNT(*) FROM articles WHERE CONTAINS('president') AND CONTAINS('United States') AND DATE(= 1993) AND NER(PERSON) BIND p GROUP BY p GRANULARITY SENTENCE ORDER BY COUNT(*) DESC",clinton,1HOP,1hop.txt,naive,none,optimized,warm,2.453333333333333,2.654;2.507;2.199,FAILED,,
q7,"SELECT p, COUNT(*) FROM articles WHERE CONTAINS('president') AND CONTAINS('United States') AND DATE(= 1993) AND NER(PERSON) BIND p GROUP BY p GRANULARITY SENTENCE ORDER BY COUNT(*) DESC",clinton,1HOP,1hop.txt,nash,none,none,warm,8.171333333333333,9.277;7.545;7.692,FAILED,,
q7,"SELECT p, COUNT(*) FROM articles WHERE CONTAINS('president') AND CONTAINS('United States') AND DATE(= 1993) AND NER(PERSON) BIND p GROUP BY p GRANULARITY SENTENCE ORDER BY COUNT(*) DESC",clinton,1HOP,1hop.txt,nash,none,optimized,warm,3.0493333333333332,3.299;3.028;2.821,FAILED,,
q8,"SELECT p, COUNT(*) FROM articles WHERE CONTAINS('president') AND CONTAINS('United States') AND DATE(= 1994) AND NER(PERSON) BIND p GROUP BY p GRANULARITY SENTENCE ORDER BY COUNT(*) DESC",clinton,1HOP,1hop.txt,naive,none,none,warm,5.842,5.608;5.874;6.044,FAILED,,
q8,"SELECT p, COUNT(*) FROM articles WHERE CONTAINS('president') AND CONTAINS('United States') AND DATE(= 1994) AND NER(PERSON) BIND p GROUP BY p GRANULARITY SENTENCE ORDER BY COUNT(*) DESC",clinton,1HOP,1hop.txt,naive,none,optimized,warm,2.7063333333333333,2.411;2.759;2.949,FAILED,,
q8,"SELECT p, COUNT(*) FROM articles WHERE CONTAINS('president') AND CONTAINS('United States') AND DATE(= 1994) AND NER(PERSON) BIND p GROUP BY p GRANULARITY SENTENCE ORDER BY COUNT(*) DESC",clinton,1HOP,1hop.txt,nash,none,none,warm,7.603000000000001,7.778;7.097;7.934,FAILED,,
q8,"SELECT p, COUNT(*) FROM articles WHERE CONTAINS('president') AND CONTAINS('United States') AND DATE(= 1994) AND NER(PERSON) BIND p GROUP BY p GRANULARITY SENTENCE ORDER BY COUNT(*) DESC",clinton,1HOP,1hop.txt,nash,none,optimized,warm,2.765333333333333,2.751;2.815;2.730,FAILED,,
q9,"SELECT p, COUNT(*) FROM articles WHERE CONTAINS('president') AND CONTAINS('United States') AND DATE(= 1995) AND NER(PERSON) BIND p GROUP BY p GRANULARITY SENTENCE ORDER BY COUNT(*) DESC",clinton,1HOP,1hop.txt,naive,none,none,warm,6.332666666666667,6.431;6.199;6.368,FAILED,,
q9,"SELECT p, COUNT(*) FROM articles WHERE CONTAINS('president') AND CONTAINS('United States') AND DATE(= 1995) AND NER(PERSON) BIND p GROUP BY p GRANULARITY SENTENCE ORDER BY COUNT(*) DESC",clinton,1HOP,1hop.txt,naive,none,optimized,warm,2.307,2.368;2.159;2.394,FAILED,,
q9,"SELECT p, COUNT(*) FROM articles WHERE CONTAINS('president') AND CONTAINS('United States') AND DATE(= 1995) AND NER(PERSON) BIND p GROUP BY p GRANULARITY SENTENCE ORDER BY COUNT(*) DESC",clinton,1HOP,1hop.txt,nash,none,none,warm,6.739333333333334,6.531;7.148;6.539,FAILED,,
q9,"SELECT p, COUNT(*) FROM articles WHERE CONTAINS('president') AND CONTAINS('United States') AND DATE(= 1995) AND NER(PERSON) BIND p GROUP BY p GRANULARITY SENTENCE ORDER BY COUNT(*) DESC",clinton,1HOP,1hop.txt,nash,none,optimized,warm,2.3693333333333335,2.552;2.365;2.191,FAILED,,
q10,"SELECT p, COUNT(*) FROM articles WHERE CONTAINS('president') AND CONTAINS('United States') AND DATE(= 1996) AND NER(PERSON) BIND p GROUP BY p GRANULARITY SENTENCE ORDER BY COUNT(*) DESC",clinton,1HOP,1hop.txt,naive,none,none,warm,6.257666666666666,6.366;6.096;6.311,FAILED,,
q10,"SELECT p, COUNT(*) FROM articles WHERE CONTAINS('president') AND CONTAINS('United States') AND DATE(= 1996) AND NER(PERSON) BIND p GROUP BY p GRANULARITY SENTENCE ORDER BY COUNT(*) DESC",clinton,1HOP,1hop.txt,naive,none,optimized,warm,2.6343333333333336,2.476;2.738;2.689,FAILED,,
q10,"SELECT p, COUNT(*) FROM articles WHERE CONTAINS('president') AND CONTAINS('United States') AND DATE(= 1996) AND NER(PERSON) BIND p GROUP BY p GRANULARITY SENTENCE ORDER BY COUNT(*) DESC",clinton,1HOP,1hop.txt,nash,none,none,warm,7.446333333333333,7.533;7.359;7.447,FAILED,,
q10,"SELECT p, COUNT(*) FROM articles WHERE CONTAINS('president') AND CONTAINS('United States') AND DATE(= 1996) AND NER(PERSON) BIND p GROUP BY p GRANULARITY SENTENCE ORDER BY COUNT(*) DESC",clinton,1HOP,1hop.txt,nash,none,optimized,warm,3.2386666666666666,3.375;2.932;3.409,FAILED,,
q11,"SELECT p, COUNT(*) FROM articles WHERE CONTAINS('president') AND CONTAINS('United States') AND DATE(= 1997) AND NER(PERSON) BIND p GROUP BY p GRANULARITY SENTENCE ORDER BY COUNT(*) DESC",clinton,1HOP,1hop.txt,naive,none,none,warm,7.546333333333333,8.850;7.282;6.507,FAILED,,
q11,"SELECT p, COUNT(*) FROM articles WHERE CONTAINS('president') AND CONTAINS('United States') AND DATE(= 1997) AND NER(PERSON) BIND p GROUP BY p GRANULARITY SENTENCE ORDER BY COUNT(*) DESC",clinton,1HOP,1hop.txt,naive,none,optimized,warm,3.1060000000000003,3.406;2.833;3.079,FAILED,,
q11,"SELECT p, COUNT(*) FROM articles WHERE CONTAINS('president') AND CONTAINS('United States') AND DATE(= 1997) AND NER(PERSON) BIND p GROUP BY p GRANULARITY SENTENCE ORDER BY COUNT(*) DESC",clinton,1HOP,1hop.txt,nash,none,none,warm,7.301333333333333,9.029;6.208;6.667,FAILED,,
q11,"SELECT p, COUNT(*) FROM articles WHERE CONTAINS('president') AND CONTAINS('United States') AND DATE(= 1997) AND NER(PERSON) BIND p GROUP BY p GRANULARITY SENTENCE ORDER BY COUNT(*) DESC",clinton,1HOP,1hop.txt,nash,none,optimized,warm,2.7406666666666664,2.679;2.829;2.714,FAILED,,
q12,"SELECT p, COUNT(*) FROM articles WHERE CONTAINS('president') AND CONTAINS('United States') AND DATE(= 1998) AND NER(PERSON) BIND p GROUP BY p GRANULARITY SENTENCE ORDER BY COUNT(*) DESC",clinton,1HOP,1hop.txt,naive,none,none,warm,6.207999999999999,6.153;6.335;6.136,FAILED,,
q12,"SELECT p, COUNT(*) FROM articles WHERE CONTAINS('president') AND CONTAINS('United States') AND DATE(= 1998) AND NER(PERSON) BIND p GROUP BY p GRANULARITY SENTENCE ORDER BY COUNT(*) DESC",clinton,1HOP,1hop.txt,naive,none,optimized,warm,2.4796666666666667,2.611;2.277;2.551,FAILED,,
q12,"SELECT p, COUNT(*) FROM articles WHERE CONTAINS('president') AND CONTAINS('United States') AND DATE(= 1998) AND NER(PERSON) BIND p GROUP BY p GRANULARITY SENTENCE ORDER BY COUNT(*) DESC",clinton,1HOP,1hop.txt,nash,none,none,warm,6.966666666666666,6.906;6.718;7.276,FAILED,,
q12,"SELECT p, COUNT(*) FROM articles WHERE CONTAINS('president') AND CONTAINS('United States') AND DATE(= 1998) AND NER(PERSON) BIND p GROUP BY p GRANULARITY SENTENCE ORDER BY COUNT(*) DESC",clinton,1HOP,1hop.txt,nash,none,optimized,warm,2.4856666666666665,2.280;2.806;2.371,FAILED,,
q13,"SELECT p, COUNT(*) FROM articles WHERE CONTAINS('president') AND CONTAINS('United States') AND DATE(= 1999) AND NER(PERSON) BIND p GROUP BY p GRANULARITY SENTENCE ORDER BY COUNT(*) DESC",clinton,1HOP,1hop.txt,naive,none,none,warm,6.126333333333334,6.025;6.295;6.059,FAILED,,
q13,"SELECT p, COUNT(*) FROM articles WHERE CONTAINS('president') AND CONTAINS('United States') AND DATE(= 1999) AND NER(PERSON) BIND p GROUP BY p GRANULARITY SENTENCE ORDER BY COUNT(*) DESC",clinton,1HOP,1hop.txt,naive,none,optimized,warm,2.525,2.534;2.423;2.618,FAILED,,
q13,"SELECT p, COUNT(*) FROM articles WHERE CONTAINS('president') AND CONTAINS('United States') AND DATE(= 1999) AND NER(PERSON) BIND p GROUP BY p GRANULARITY SENTENCE ORDER BY COUNT(*) DESC",clinton,1HOP,1hop.txt,nash,none,none,warm,8.6,8.617;7.239;9.944,FAILED,,
q13,"SELECT p, COUNT(*) FROM articles WHERE CONTAINS('president') AND CONTAINS('United States') AND DATE(= 1999) AND NER(PERSON) BIND p GROUP BY p GRANULARITY SENTENCE ORDER BY COUNT(*) DESC",clinton,1HOP,1hop.txt,nash,none,optimized,warm,3.276666666666667,3.245;3.256;3.329,FAILED,,
q14,"SELECT p, COUNT(*) FROM articles WHERE CONTAINS('president') AND CONTAINS('United States') AND DATE(= 2000) AND NER(PERSON) BIND p GROUP BY p GRANULARITY SENTENCE ORDER BY COUNT(*) DESC",clinton,1HOP,1hop.txt,naive,none,none,warm,9.241,10.256;10.227;7.240,FAILED,,
q14,"SELECT p, COUNT(*) FROM articles WHERE CONTAINS('president') AND CONTAINS('United States') AND DATE(= 2000) AND NER(PERSON) BIND p GROUP BY p GRANULARITY SENTENCE ORDER BY COUNT(*) DESC",clinton,1HOP,1hop.txt,naive,none,optimized,warm,3.3176666666666663,3.306;3.351;3.296,FAILED,,
q14,"SELECT p, COUNT(*) FROM articles WHERE CONTAINS('president') AND CONTAINS('United States') AND DATE(= 2000) AND NER(PERSON) BIND p GROUP BY p GRANULARITY SENTENCE ORDER BY COUNT(*) DESC",clinton,1HOP,1hop.txt,nash,none,none,warm,12.009,13.415;11.285;11.327,FAILED,,
q14,"SELECT p, COUNT(*) FROM articles WHERE CONTAINS('president') AND CONTAINS('United States') AND DATE(= 2000) AND NER(PERSON) BIND p GROUP BY p GRANULARITY SENTENCE ORDER BY COUNT(*) DESC",clinton,1HOP,1hop.txt,nash,none,optimized,warm,3.271333333333333,3.232;3.312;3.270,FAILED,,
q15,"SELECT p, COUNT(*) FROM articles WHERE CONTAINS('president') AND CONTAINS('United States') AND DATE(= 2001) AND NER(PERSON) BIND p GROUP BY p GRANULARITY SENTENCE ORDER BY COUNT(*) DESC",bush,1HOP,1hop.txt,naive,none,none,warm,10.000333333333334,10.346;10.114;9.541,FAILED,,
q15,"SELECT p, COUNT(*) FROM articles WHERE CONTAINS('president') AND CONTAINS('United States') AND DATE(= 2001) AND NER(PERSON) BIND p GROUP BY p GRANULARITY SENTENCE ORDER BY COUNT(*) DESC",bush,1HOP,1hop.txt,naive,none,optimized,warm,3.158333333333333,2.908;3.320;3.247,FAILED,,
q15,"SELECT p, COUNT(*) FROM articles WHERE CONTAINS('president') AND CONTAINS('United States') AND DATE(= 2001) AND NER(PERSON) BIND p GROUP BY p GRANULARITY SENTENCE ORDER BY COUNT(*) DESC",bush,1HOP,1hop.txt,nash,none,none,warm,9.854999999999999,10.934;11.078;7.553,FAILED,,
q15,"SELECT p, COUNT(*) FROM articles WHERE CONTAINS('president') AND CONTAINS('United States') AND DATE(= 2001) AND NER(PERSON) BIND p GROUP BY p GRANULARITY SENTENCE ORDER BY COUNT(*) DESC",bush,1HOP,1hop.txt,nash,none,optimized,warm,2.7543333333333333,3.382;2.673;2.208,FAILED,,
q16,"SELECT p, COUNT(*) FROM articles WHERE CONTAINS('president') AND CONTAINS('United States') AND DATE(= 2002) AND NER(PERSON) BIND p GROUP BY p GRANULARITY SENTENCE ORDER BY COUNT(*) DESC",bush,1HOP,1hop.txt,naive,none,none,warm,10.131333333333332,10.584;10.028;9.782,FAILED,,
q16,"SELECT p, COUNT(*) FROM articles WHERE CONTAINS('president') AND CONTAINS('United States') AND DATE(= 2002) AND NER(PERSON) BIND p GROUP BY p GRANULARITY SENTENCE ORDER BY COUNT(*) DESC",bush,1HOP,1hop.txt,naive,none,optimized,warm,2.813333333333333,3.042;2.673;2.725,FAILED,,
q16,"SELECT p, COUNT(*) FROM articles WHERE CONTAINS('president') AND CONTAINS('United States') AND DATE(= 2002) AND NER(PERSON) BIND p GROUP BY p GRANULARITY SENTENCE ORDER BY COUNT(*) DESC",bush,1HOP,1hop.txt,nash,none,none,warm,11.717333333333334,11.662;11.963;11.527,FAILED,,
q16,"SELECT p, COUNT(*) FROM articles WHERE CONTAINS('president') AND CONTAINS('United States') AND DATE(= 2002) AND NER(PERSON) BIND p GROUP BY p GRANULARITY SENTENCE ORDER BY COUNT(*) DESC",bush,1HOP,1hop.txt,nash,none,optimized,warm,2.6973333333333334,2.661;2.662;2.769,FAILED,,
q17,"SELECT p, COUNT(*) FROM articles WHERE CONTAINS('president') AND CONTAINS('United States') AND DATE(= 2003) AND NER(PERSON) BIND p GROUP BY p GRANULARITY SENTENCE ORDER BY COUNT(*) DESC",bush,1HOP,1hop.txt,naive,none,none,warm,9.464666666666666,9.495;9.263;9.636,FAILED,,
q17,"SELECT p, COUNT(*) FROM articles WHERE CONTAINS('president') AND CONTAINS('United States') AND DATE(= 2003) AND NER(PERSON) BIND p GROUP BY p GRANULARITY SENTENCE ORDER BY COUNT(*) DESC",bush,1HOP,1hop.txt,naive,none,optimized,warm,2.4533333333333336,2.579;2.447;2.334,FAILED,,
q17,"SELECT p, COUNT(*) FROM articles WHERE CONTAINS('president') AND CONTAINS('United States') AND DATE(= 2003) AND NER(PERSON) BIND p GROUP BY p GRANULARITY SENTENCE ORDER BY COUNT(*) DESC",bush,1HOP,1hop.txt,nash,none,none,warm,10.519666666666668,12.099;8.900;10.560,FAILED,,
q17,"SELECT p, COUNT(*) FROM articles WHERE CONTAINS('president') AND CONTAINS('United States') AND DATE(= 2003) AND NER(PERSON) BIND p GROUP BY p GRANULARITY SENTENCE ORDER BY COUNT(*) DESC",bush,1HOP,1hop.txt,nash,none,optimized,warm,3.293333333333333,3.203;2.998;3.679,FAILED,,
q18,"SELECT p, COUNT(*) FROM articles WHERE CONTAINS('president') AND CONTAINS('United States') AND DATE(= 2004) AND NER(PERSON) BIND p GROUP BY p GRANULARITY SENTENCE ORDER BY COUNT(*) DESC",bush,1HOP,1hop.txt,naive,none,none,warm,11.979666666666667,11.600;12.839;11.500,FAILED,,
q18,"SELECT p, COUNT(*) FROM articles WHERE CONTAINS('president') AND CONTAINS('United States') AND DATE(= 2004) AND NER(PERSON) BIND p GROUP BY p GRANULARITY SENTENCE ORDER BY COUNT(*) DESC",bush,1HOP,1hop.txt,naive,none,optimized,warm,3.606666666666667,3.577;3.618;3.625,FAILED,,
q18,"SELECT p, COUNT(*) FROM articles WHERE CONTAINS('president') AND CONTAINS('United States') AND DATE(= 2004) AND NER(PERSON) BIND p GROUP BY p GRANULARITY SENTENCE ORDER BY COUNT(*) DESC",bush,1HOP,1hop.txt,nash,none,none,warm,12.143,12.510;12.548;11.371,FAILED,,
q18,"SELECT p, COUNT(*) FROM articles WHERE CONTAINS('president') AND CONTAINS('United States') AND DATE(= 2004) AND NER(PERSON) BIND p GROUP BY p GRANULARITY SENTENCE ORDER BY COUNT(*) DESC",bush,1HOP,1hop.txt,nash,none,optimized,warm,2.8830000000000005,2.950;2.768;2.931,FAILED,,
q19,"SELECT p, COUNT(*) FROM articles WHERE CONTAINS('president') AND CONTAINS('United States') AND DATE(= 2005) AND NER(PERSON) BIND p GROUP BY p GRANULARITY SENTENCE ORDER BY COUNT(*) DESC",bush,1HOP,1hop.txt,naive,none,none,warm,9.577,9.683;9.654;9.394,FAILED,,
q19,"SELECT p, COUNT(*) FROM articles WHERE CONTAINS('president') AND CONTAINS('United States') AND DATE(= 2005) AND NER(PERSON) BIND p GROUP BY p GRANULARITY SENTENCE ORDER BY COUNT(*) DESC",bush,1HOP,1hop.txt,naive,none,optimized,warm,2.811666666666667,2.766;2.814;2.855,FAILED,,
q19,"SELECT p, COUNT(*) FROM articles WHERE CONTAINS('president') AND CONTAINS('United States') AND DATE(= 2005) AND NER(PERSON) BIND p GROUP BY p GRANULARITY SENTENCE ORDER BY COUNT(*) DESC",bush,1HOP,1hop.txt,nash,none,none,warm,11.611666666666666,11.289;11.726;11.820,FAILED,,
q19,"SELECT p, COUNT(*) FROM articles WHERE CONTAINS('president') AND CONTAINS('United States') AND DATE(= 2005) AND NER(PERSON) BIND p GROUP BY p GRANULARITY SENTENCE ORDER BY COUNT(*) DESC",bush,1HOP,1hop.txt,nash,none,optimized,warm,3.094,3.263;3.313;2.706,FAILED,,
q20,"SELECT p, COUNT(*) FROM articles WHERE CONTAINS('president') AND CONTAINS('United States') AND DATE(= 2006) AND NER(PERSON) BIND p GROUP BY p GRANULARITY SENTENCE ORDER BY COUNT(*) DESC",bush,1HOP,1hop.txt,naive,none,none,warm,9.816,9.880;9.823;9.745,FAILED,,
q20,"SELECT p, COUNT(*) FROM articles WHERE CONTAINS('president') AND CONTAINS('United States') AND DATE(= 2006) AND NER(PERSON) BIND p GROUP BY p GRANULARITY SENTENCE ORDER BY COUNT(*) DESC",bush,1HOP,1hop.txt,naive,none,optimized,warm,2.864333333333333,2.817;2.866;2.910,FAILED,,
q20,"SELECT p, COUNT(*) FROM articles WHERE CONTAINS('president') AND CONTAINS('United States') AND DATE(= 2006) AND NER(PERSON) BIND p GROUP BY p GRANULARITY SENTENCE ORDER BY COUNT(*) DESC",bush,1HOP,1hop.txt,nash,none,none,warm,13.083666666666666,13.008;13.339;12.904,FAILED,,
q20,"SELECT p, COUNT(*) FROM articles WHERE CONTAINS('president') AND CONTAINS('United States') AND DATE(= 2006) AND NER(PERSON) BIND p GROUP BY p GRANULARITY SENTENCE ORDER BY COUNT(*) DESC",bush,1HOP,1hop.txt,nash,none,optimized,warm,2.7260000000000004,2.652;2.795;2.731,FAILED,,
q21,"SELECT p, COUNT(*) FROM articles WHERE CONTAINS('president') AND CONTAINS('United States') AND DATE(= 2007) AND NER(PERSON) BIND p GROUP BY p GRANULARITY SENTENCE ORDER BY COUNT(*) DESC",bush,1HOP,1hop.txt,naive,none,none,warm,9.650333333333334,9.625;9.529;9.797,FAILED,,
q21,"SELECT p, COUNT(*) FROM articles WHERE CONTAINS('president') AND CONTAINS('United States') AND DATE(= 2007) AND NER(PERSON) BIND p GROUP BY p GRANULARITY SENTENCE ORDER BY COUNT(*) DESC",bush,1HOP,1hop.txt,naive,none,optimized,warm,2.723333333333333,2.705;2.737;2.728,FAILED,,
q21,"SELECT p, COUNT(*) FROM articles WHERE CONTAINS('president') AND CONTAINS('United States') AND DATE(= 2007) AND NER(PERSON) BIND p GROUP BY p GRANULARITY SENTENCE ORDER BY COUNT(*) DESC",bush,1HOP,1hop.txt,nash,none,none,warm,12.842333333333334,12.454;13.871;12.202,FAILED,,
q21,"SELECT p, COUNT(*) FROM articles WHERE CONTAINS('president') AND CONTAINS('United States') AND DATE(= 2007) AND NER(PERSON) BIND p GROUP BY p GRANULARITY SENTENCE ORDER BY COUNT(*) DESC",bush,1HOP,1hop.txt,nash,none,optimized,warm,2.5973333333333333,2.579;2.609;2.604,FAILED,,
q22,"SELECT p, COUNT(*) FROM articles WHERE CONTAINS('chancellor') AND CONTAINS('germany') AND DATE(= 2006) AND NER(PERSON) BIND p GROUP BY p GRANULARITY SENTENCE ORDER BY COUNT(*) DESC",angela merkel,1HOP,1hop.txt,naive,none,none,warm,2.5596666666666668,2.516;2.555;2.608,FAILED,,
q22,"SELECT p, COUNT(*) FROM articles WHERE CONTAINS('chancellor') AND CONTAINS('germany') AND DATE(= 2006) AND NER(PERSON) BIND p GROUP BY p GRANULARITY SENTENCE ORDER BY COUNT(*) DESC",angela merkel,1HOP,1hop.txt,naive,none,optimized,warm,1.8966666666666667,1.827;1.812;2.051,FAILED,,
q22,"SELECT p, COUNT(*) FROM articles WHERE CONTAINS('chancellor') AND CONTAINS('germany') AND DATE(= 2006) AND NER(PERSON) BIND p GROUP BY p GRANULARITY SENTENCE ORDER BY COUNT(*) DESC",angela merkel,1HOP,1hop.txt,nash,none,none,warm,5.576333333333333,5.874;6.094;4.761,FAILED,,
q22,"SELECT p, COUNT(*) FROM articles WHERE CONTAINS('chancellor') AND CONTAINS('germany') AND DATE(= 2006) AND NER(PERSON) BIND p GROUP BY p GRANULARITY SENTENCE ORDER BY COUNT(*) DESC",angela merkel,1HOP,1hop.txt,nash,none,optimized,warm,1.9033333333333333,1.976;1.891;1.843,FAILED,,
q23,"SELECT p, COUNT(*) FROM articles WHERE CONTAINS('chancellor') AND CONTAINS('germany') AND DATE(= 1997) AND NER(PERSON) BIND p GROUP BY p GRANULARITY SENTENCE ORDER BY COUNT(*) DESC",helmut kohl,1HOP,1hop.txt,naive,none,none,warm,2.574,2.528;2.528;2.666,FAILED,,
q23,"SELECT p, COUNT(*) FROM articles WHERE CONTAINS('chancellor') AND CONTAINS('germany') AND DATE(= 1997) AND NER(PERSON) BIND p GROUP BY p GRANULARITY SENTENCE ORDER BY COUNT(*) DESC",helmut kohl,1HOP,1hop.txt,naive,none,optimized,warm,1.9026666666666667,1.898;1.878;1.932,FAILED,,
q23,"SELECT p, COUNT(*) FROM articles WHERE CONTAINS('chancellor') AND CONTAINS('germany') AND DATE(= 1997) AND NER(PERSON) BIND p GROUP BY p GRANULARITY SENTENCE ORDER BY COUNT(*) DESC",helmut kohl,1HOP,1hop.txt,nash,none,none,warm,4.1593333333333335,4.224;4.063;4.191,FAILED,,
q23,"SELECT p, COUNT(*) FROM articles WHERE CONTAINS('chancellor') AND CONTAINS('germany') AND DATE(= 1997) AND NER(PERSON) BIND p GROUP BY p GRANULARITY SENTENCE ORDER BY COUNT(*) DESC",helmut kohl,1HOP,1hop.txt,nash,none,optimized,warm,1.9186666666666667,1.847;1.983;1.926,FAILED,,
q24,"SELECT p, COUNT(*) FROM articles WHERE CONTAINS('chancellor') AND CONTAINS('germany') AND DATE(= 1991) AND NER(PERSON) BIND p GROUP BY p GRANULARITY SENTENCE ORDER BY COUNT(*) DESC",,1HOP,1hop.txt,naive,none,none,warm,2.800333333333333,2.755;2.845;2.801,SKIPPED,,
q24,"SELECT p, COUNT(*) FROM articles WHERE CONTAINS('chancellor') AND CONTAINS('germany') AND DATE(= 1991) AND NER(PERSON) BIND p GROUP BY p GRANULARITY SENTENCE ORDER BY COUNT(*) DESC",,1HOP,1hop.txt,naive,none,optimized,warm,1.9153333333333336,1.901;1.925;1.920,SKIPPED,,
q24,"SELECT p, COUNT(*) FROM articles WHERE CONTAINS('chancellor') AND CONTAINS('germany') AND DATE(= 1991) AND NER(PERSON) BIND p GROUP BY p GRANULARITY SENTENCE ORDER BY COUNT(*) DESC",,1HOP,1hop.txt,nash,none,none,warm,5.260000000000001,5.358;5.288;5.134,SKIPPED,,
q24,"SELECT p, COUNT(*) FROM articles WHERE CONTAINS('chancellor') AND CONTAINS('germany') AND DATE(= 1991) AND NER(PERSON) BIND p GROUP BY p GRANULARITY SENTENCE ORDER BY COUNT(*) DESC",,1HOP,1hop.txt,nash,none,optimized,warm,2.4486666666666665,2.494;2.402;2.450,SKIPPED,,
q25,"SELECT p, COUNT(*) FROM articles WHERE CONTAINS('prime minister') AND CONTAINS('norway') AND DATE(< 2050) AND NER(PERSON) BIND p GROUP BY p GRANULARITY SENTENCE ORDER BY COUNT(*) DESC",,1HOP,1hop.txt,naive,none,none,warm,2.6943333333333332,3.067;2.483;2.533,SKIPPED,,
q25,"SELECT p, COUNT(*) FROM articles WHERE CONTAINS('prime minister') AND CONTAINS('norway') AND DATE(< 2050) AND NER(PERSON) BIND p GROUP BY p GRANULARITY SENTENCE ORDER BY COUNT(*) DESC",,1HOP,1hop.txt,naive,none,optimized,warm,2.4876666666666662,2.066;2.520;2.877,SKIPPED,,
q25,"SELECT p, COUNT(*) FROM articles WHERE CONTAINS('prime minister') AND CONTAINS('norway') AND DATE(< 2050) AND NER(PERSON) BIND p GROUP BY p GRANULARITY SENTENCE ORDER BY COUNT(*) DESC",,1HOP,1hop.txt,nash,none,none,warm,2.8836666666666666,3.047;2.455;3.149,SKIPPED,,
q25,"SELECT p, COUNT(*) FROM articles WHERE CONTAINS('prime minister') AND CONTAINS('norway') AND DATE(< 2050) AND NER(PERSON) BIND p GROUP BY p GRANULARITY SENTENCE ORDER BY COUNT(*) DESC",,1HOP,1hop.txt,nash,none,optimized,warm,2.921666666666667,2.780;3.003;2.982,SKIPPED,,
q26,"SELECT p, country, date, COUNT(*) FROM articles WHERE CONTAINS('prime minister') AND NER(COUNTRY) BIND country AND DATE(< 2050) BIND date AND NER(PERSON) BIND p AND NOT(CONTAINS('president')) GROUP BY p, country, date GRANULARITY SENTENCE ORDER BY COUNT(*) DESC",,1HOP,1hop.txt,naive,none,none,warm,33.26433333333333,31.999;33.296;34.498,SKIPPED,,
q26,"SELECT p, country, date, COUNT(*) FROM articles WHERE CONTAINS('prime minister') AND NER(COUNTRY) BIND country AND DATE(< 2050) BIND date AND NER(PERSON) BIND p AND NOT(CONTAINS('president')) GROUP BY p, country, date GRANULARITY SENTENCE ORDER BY COUNT(*) DESC",,1HOP,1hop.txt,naive,none,optimized,warm,30.439666666666668,30.615;30.683;30.021,SKIPPED,,
q26,"SELECT p, country, date, COUNT(*) FROM articles WHERE CONTAINS('prime minister') AND NER(COUNTRY) BIND country AND DATE(< 2050) BIND date AND NER(PERSON) BIND p AND NOT(CONTAINS('president')) GROUP BY p, country, date GRANULARITY SENTENCE ORDER BY COUNT(*) DESC",,1HOP,1hop.txt,nash,none,none,warm,5.412,5.489;5.280;5.467,SKIPPED,,
q26,"SELECT p, country, date, COUNT(*) FROM articles WHERE CONTAINS('prime minister') AND NER(COUNTRY) BIND country AND DATE(< 2050) BIND date AND NER(PERSON) BIND p AND NOT(CONTAINS('president')) GROUP BY p, country, date GRANULARITY SENTENCE ORDER BY COUNT(*) DESC",,1HOP,1hop.txt,nash,none,optimized,warm,3.147,2.840;3.294;3.307,SKIPPED,,
q27,"SELECT p, country, date, COUNT(*) FROM articles WHERE CONTAINS('prime minister') AND NER(COUNTRY) BIND country AND DATE(= 1991) BIND date AND NER(PERSON) BIND p AND NOT(CONTAINS('president')) GROUP BY p, country, date GRANULARITY SENTENCE ORDER BY COUNT(*) DESC",,1HOP,1hop.txt,naive,none,none,warm,6.766333333333333,7.266;5.621;7.412,SKIPPED,,
q27,"SELECT p, country, date, COUNT(*) FROM articles WHERE CONTAINS('prime minister') AND NER(COUNTRY) BIND country AND DATE(= 1991) BIND date AND NER(PERSON) BIND p AND NOT(CONTAINS('president')) GROUP BY p, country, date GRANULARITY SENTENCE ORDER BY COUNT(*) DESC",,1HOP,1hop.txt,naive,none,optimized,warm,3.2593333333333327,3.288;3.202;3.288,SKIPPED,,
q27,"SELECT p, country, date, COUNT(*) FROM articles WHERE CONTAINS('prime minister') AND NER(COUNTRY) BIND country AND DATE(= 1991) BIND date AND NER(PERSON) BIND p AND NOT(CONTAINS('president')) GROUP BY p, country, date GRANULARITY SENTENCE ORDER BY COUNT(*) DESC",,1HOP,1hop.txt,nash,none,none,warm,7.815333333333334,9.518;6.169;7.759,SKIPPED,,
q27,"SELECT p, country, date, COUNT(*) FROM articles WHERE CONTAINS('prime minister') AND NER(COUNTRY) BIND country AND DATE(= 1991) BIND date AND NER(PERSON) BIND p AND NOT(CONTAINS('president')) GROUP BY p, country, date GRANULARITY SENTENCE ORDER BY COUNT(*) DESC",,1HOP,1hop.txt,nash,none,optimized,warm,4.628333333333334,4.232;4.884;4.769,SKIPPED,,
q28,"SELECT p, country, date, COUNT(*) FROM articles WHERE CONTAINS('prime minister') AND NER(COUNTRY) BIND country AND DATE(= 1980) BIND date AND NER(PERSON) BIND p AND NOT(CONTAINS('president')) GROUP BY p, country, date GRANULARITY SENTENCE ORDER BY COUNT(*) DESC",,1HOP,1hop.txt,naive,none,none,warm,17.930000000000003,18.010;18.643;17.137,SKIPPED,,
q28,"SELECT p, country, date, COUNT(*) FROM articles WHERE CONTAINS('prime minister') AND NER(COUNTRY) BIND country AND DATE(= 1980) BIND date AND NER(PERSON) BIND p AND NOT(CONTAINS('president')) GROUP BY p, country, date GRANULARITY SENTENCE ORDER BY COUNT(*) DESC",,1HOP,1hop.txt,naive,none,optimized,warm,15.614333333333335,15.989;15.455;15.399,SKIPPED,,
q28,"SELECT p, country, date, COUNT(*) FROM articles WHERE CONTAINS('prime minister') AND NER(COUNTRY) BIND country AND DATE(= 1980) BIND date AND NER(PERSON) BIND p AND NOT(CONTAINS('president')) GROUP BY p, country, date GRANULARITY SENTENCE ORDER BY COUNT(*) DESC",,1HOP,1hop.txt,nash,none,none,warm,17.746666666666666,17.771;17.123;18.346,SKIPPED,,
q28,"SELECT p, country, date, COUNT(*) FROM articles WHERE CONTAINS('prime minister') AND NER(COUNTRY) BIND country AND DATE(= 1980) BIND date AND NER(PERSON) BIND p AND NOT(CONTAINS('president')) GROUP BY p, country, date GRANULARITY SENTENCE ORDER BY COUNT(*) DESC",,1HOP,1hop.txt,nash,none,optimized,warm,16.241333333333333,16.187;16.532;16.005,SKIPPED,,
q29,"SELECT p, country, date, COUNT(*) FROM articles WHERE CONTAINS('prime minister') AND NER(COUNTRY) BIND country AND DATE(= 1987) BIND date AND NER(PERSON) BIND p AND NOT(CONTAINS('president')) GROUP BY p, country, date GRANULARITY SENTENCE ORDER BY COUNT(*) DESC",,1HOP,1hop.txt,naive,none,none,warm,24.218333333333334,24.008;24.374;24.273,SKIPPED,,
q29,"SELECT p, country, date, COUNT(*) FROM articles WHERE CONTAINS('prime minister') AND NER(COUNTRY) BIND country AND DATE(= 1987) BIND date AND NER(PERSON) BIND p AND NOT(CONTAINS('president')) GROUP BY p, country, date GRANULARITY SENTENCE ORDER BY COUNT(*) DESC",,1HOP,1hop.txt,naive,none,optimized,warm,22.662666666666667,22.162;23.981;21.845,SKIPPED,,
q29,"SELECT p, country, date, COUNT(*) FROM articles WHERE CONTAINS('prime minister') AND NER(COUNTRY) BIND country AND DATE(= 1987) BIND date AND NER(PERSON) BIND p AND NOT(CONTAINS('president')) GROUP BY p, country, date GRANULARITY SENTENCE ORDER BY COUNT(*) DESC",,1HOP,1hop.txt,nash,none,none,warm,23.328666666666667,22.748;23.852;23.386,SKIPPED,,
q29,"SELECT p, country, date, COUNT(*) FROM articles WHERE CONTAINS('prime minister') AND NER(COUNTRY) BIND country AND DATE(= 1987) BIND date AND NER(PERSON) BIND p AND NOT(CONTAINS('president')) GROUP BY p, country, date GRANULARITY SENTENCE ORDER BY COUNT(*) DESC",,1HOP,1hop.txt,nash,none,optimized,warm,20.351,20.914;20.287;19.852,SKIPPED,,
q30,"SELECT p, country, date, COUNT(*) FROM articles WHERE CONTAINS('prime minister') AND NER(COUNTRY) BIND country AND DATE(= 2000) BIND date AND NER(PERSON) BIND p AND NOT(CONTAINS('president')) GROUP BY p, country, date GRANULARITY SENTENCE ORDER BY COUNT(*) DESC",,1HOP,1hop.txt,naive,none,none,warm,5.047666666666667,4.702;5.158;5.283,SKIPPED,,
q30,"SELECT p, country, date, COUNT(*) FROM articles WHERE CONTAINS('prime minister') AND NER(COUNTRY) BIND country AND DATE(= 2000) BIND date AND NER(PERSON) BIND p AND NOT(CONTAINS('president')) GROUP BY p, country, date GRANULARITY SENTENCE ORDER BY COUNT(*) DESC",,1HOP,1hop.txt,naive,none,optimized,warm,2.8846666666666665,2.668;3.058;2.928,SKIPPED,,
q30,"SELECT p, country, date, COUNT(*) FROM articles WHERE CONTAINS('prime minister') AND NER(COUNTRY) BIND country AND DATE(= 2000) BIND date AND NER(PERSON) BIND p AND NOT(CONTAINS('president')) GROUP BY p, country, date GRANULARITY SENTENCE ORDER BY COUNT(*) DESC",,1HOP,1hop.txt,nash,none,none,warm,6.938666666666666,6.015;6.571;8.230,SKIPPED,,
q30,"SELECT p, country, date, COUNT(*) FROM articles WHERE CONTAINS('prime minister') AND NER(COUNTRY) BIND country AND DATE(= 2000) BIND date AND NER(PERSON) BIND p AND NOT(CONTAINS('president')) GROUP BY p, country, date GRANULARITY SENTENCE ORDER BY COUNT(*) DESC",,1HOP,1hop.txt,nash,none,optimized,warm,5.496666666666666,4.630;6.499;5.361,SKIPPED,,
q31,"SELECT p, country, date, COUNT(*) FROM articles WHERE CONTAINS('prime minister') AND NER(COUNTRY) BIND country AND DATE(INTERSECT [1990,2000]) BIND date AND NER(PERSON) BIND p AND NOT(CONTAINS('president')) GROUP BY p, country, date GRANULARITY SENTENCE ORDER BY COUNT(*) DESC",,1HOP,1hop.txt,naive,none,none,warm,8.436,8.518;8.444;8.346,SKIPPED,,
q31,"SELECT p, country, date, COUNT(*) FROM articles WHERE CONTAINS('prime minister') AND NER(COUNTRY) BIND country AND DATE(INTERSECT [1990,2000]) BIND date AND NER(PERSON) BIND p AND NOT(CONTAINS('president')) GROUP BY p, country, date GRANULARITY SENTENCE ORDER BY COUNT(*) DESC",,1HOP,1hop.txt,naive,none,optimized,warm,3.4250000000000003,3.275;3.399;3.601,SKIPPED,,
q31,"SELECT p, country, date, COUNT(*) FROM articles WHERE CONTAINS('prime minister') AND NER(COUNTRY) BIND country AND DATE(INTERSECT [1990,2000]) BIND date AND NER(PERSON) BIND p AND NOT(CONTAINS('president')) GROUP BY p, country, date GRANULARITY SENTENCE ORDER BY COUNT(*) DESC",,1HOP,1hop.txt,nash,none,none,warm,10.541,10.673;10.438;10.512,SKIPPED,,
q31,"SELECT p, country, date, COUNT(*) FROM articles WHERE CONTAINS('prime minister') AND NER(COUNTRY) BIND country AND DATE(INTERSECT [1990,2000]) BIND date AND NER(PERSON) BIND p AND NOT(CONTAINS('president')) GROUP BY p, country, date GRANULARITY SENTENCE ORDER BY COUNT(*) DESC",,1HOP,1hop.txt,nash,none,optimized,warm,6.647000000000001,6.711;6.674;6.556,SKIPPED,,
q32,"SELECT p, COUNT(*) FROM articles WHERE CONTAINS('United States') AND CONTAINS('president') AND DATE(INTERSECT[1987,2000]) AND NER(PERSON) BIND p GROUP BY p GRANULARITY SENTENCE ORDER BY COUNT(*) DESC",,1HOP,1hop.txt,naive,none,none,warm,25.001333333333335,25.337;24.864;24.803,SKIPPED,,
q32,"SELECT p, COUNT(*) FROM articles WHERE CONTAINS('United States') AND CONTAINS('president') AND DATE(INTERSECT[1987,2000]) AND NER(PERSON) BIND p GROUP BY p GRANULARITY SENTENCE ORDER BY COUNT(*) DESC",,1HOP,1hop.txt,naive,none,optimized,warm,4.449,4.564;4.268;4.515,SKIPPED,,
q32,"SELECT p, COUNT(*) FROM articles WHERE CONTAINS('United States') AND CONTAINS('president') AND DATE(INTERSECT[1987,2000]) AND NER(PERSON) BIND p GROUP BY p GRANULARITY SENTENCE ORDER BY COUNT(*) DESC",,1HOP,1hop.txt,nash,none,none,warm,25.084999999999997,28.139;23.054;24.062,SKIPPED,,
q32,"SELECT p, COUNT(*) FROM articles WHERE CONTAINS('United States') AND CONTAINS('president') AND DATE(INTERSECT[1987,2000]) AND NER(PERSON) BIND p GROUP BY p GRANULARITY SENTENCE ORDER BY COUNT(*) DESC",,1HOP,1hop.txt,nash,none,optimized,warm,4.506,4.613;4.355;4.550,SKIPPED,,
q33,"SELECT country, rate, date FROM articles WHERE CONTAINS('unemployment') AND NER(COUNTRY) BIND country AND NER(PERCENT) BIND rate AND DATE(< 2025) BIND date GRANULARITY SENTENCE",,1HOP,1hop.txt,naive,none,none,warm,19.52133333333333,19.758;19.406;19.400,SKIPPED,,
q33,"SELECT country, rate, date FROM articles WHERE CONTAINS('unemployment') AND NER(COUNTRY) BIND country AND NER(PERCENT) BIND rate AND DATE(< 2025) BIND date GRANULARITY SENTENCE",,1HOP,1hop.txt,naive,none,optimized,warm,20.601333333333333,18.918;24.482;18.404,SKIPPED,,
q33,"SELECT country, rate, date FROM articles WHERE CONTAINS('unemployment') AND NER(COUNTRY) BIND country AND NER(PERCENT) BIND rate AND DATE(< 2025) BIND date GRANULARITY SENTENCE",,1HOP,1hop.txt,nash,none,none,warm,13.692333333333332,13.938;13.813;13.326,SKIPPED,,
q33,"SELECT country, rate, date FROM articles WHERE CONTAINS('unemployment') AND NER(COUNTRY) BIND country AND NER(PERCENT) BIND rate AND DATE(< 2025) BIND date GRANULARITY SENTENCE",,1HOP,1hop.txt,nash,none,optimized,warm,12.313333333333333,11.389;12.855;12.696,SKIPPED,,
q34,"SELECT date, person, COUNT(*) FROM source WHERE CONTAINS('moon') AND NER(PERSON, 'Neil Armstrong') BIND person AND DATE(< 2050) BIND date GROUP BY person, date GRANULARITY SENTENCE ORDER BY COUNT(*)",,1HOP,1hop.txt,naive,none,none,warm,12.805,13.135;12.716;12.564,SKIPPED,,
q34,"SELECT date, person, COUNT(*) FROM source WHERE CONTAINS('moon') AND NER(PERSON, 'Neil Armstrong') BIND person AND DATE(< 2050) BIND date GROUP BY person, date GRANULARITY SENTENCE ORDER BY COUNT(*)",,1HOP,1hop.txt,naive,none,optimized,warm,2.0443333333333333,2.042;1.988;2.103,SKIPPED,,
q34,"SELECT date, person, COUNT(*) FROM source WHERE CONTAINS('moon') AND NER(PERSON, 'Neil Armstrong') BIND person AND DATE(< 2050) BIND date GROUP BY person, date GRANULARITY SENTENCE ORDER BY COUNT(*)",,1HOP,1hop.txt,nash,none,none,warm,17.674666666666667,22.197;17.506;13.321,SKIPPED,,
q34,"SELECT date, person, COUNT(*) FROM source WHERE CONTAINS('moon') AND NER(PERSON, 'Neil Armstrong') BIND person AND DATE(< 2050) BIND date GROUP BY person, date GRANULARITY SENTENCE ORDER BY COUNT(*)",,1HOP,1hop.txt,nash,none,optimized,warm,2.840666666666667,2.975;2.583;2.964,SKIPPED,,
q35,SELECT person FROM source WHERE CONTAINS('walk moon') AND DATE(= 1969) AND NER(PERSON) BIND person GRANULARITY SENTENCE,,1HOP,1hop.txt,naive,none,none,warm,2.1126666666666667,2.167;2.265;1.906,SKIPPED,,
q35,SELECT person FROM source WHERE CONTAINS('walk moon') AND DATE(= 1969) AND NER(PERSON) BIND person GRANULARITY SENTENCE,,1HOP,1hop.txt,naive,none,optimized,warm,1.7983333333333331,1.773;1.862;1.760,SKIPPED,,
q35,SELECT person FROM source WHERE CONTAINS('walk moon') AND DATE(= 1969) AND NER(PERSON) BIND person GRANULARITY SENTENCE,,1HOP,1hop.txt,nash,none,none,warm,2.1033333333333335,1.737;2.322;2.251,SKIPPED,,
q35,SELECT person FROM source WHERE CONTAINS('walk moon') AND DATE(= 1969) AND NER(PERSON) BIND person GRANULARITY SENTENCE,,1HOP,1hop.txt,nash,none,optimized,warm,1.6543333333333334,1.652;1.652;1.659,SKIPPED,,
q36,"SELECT date, mission FROM source WHERE DEPENDS('Apollo','nummod', *) AND NER(NUMBER) BIND mission AND DATE(< 2050) BIND date GRANULARITY SENTENCE",,1HOP,1hop.txt,naive,none,none,warm,25.500666666666664,24.750;24.816;26.936,SKIPPED,,
q36,"SELECT date, mission FROM source WHERE DEPENDS('Apollo','nummod', *) AND NER(NUMBER) BIND mission AND DATE(< 2050) BIND date GRANULARITY SENTENCE",,1HOP,1hop.txt,naive,none,optimized,warm,26.517,27.718;25.723;26.110,SKIPPED,,
q36,"SELECT date, mission FROM source WHERE DEPENDS('Apollo','nummod', *) AND NER(NUMBER) BIND mission AND DATE(< 2050) BIND date GRANULARITY SENTENCE",,1HOP,1hop.txt,nash,none,none,warm,10.455,11.202;10.139;10.024,SKIPPED,,
q36,"SELECT date, mission FROM source WHERE DEPENDS('Apollo','nummod', *) AND NER(NUMBER) BIND mission AND DATE(< 2050) BIND date GRANULARITY SENTENCE",,1HOP,1hop.txt,nash,none,optimized,warm,10.226666666666667,10.031;10.552;10.097,SKIPPED,,
